{
    "bodyColor": 0,
    "eyesColor": 0,
    "ItemGiversList": [
    ],
    "body": 0,
    "isActive": 0b,
    "DialogData": [
    ],
    "leg": 0,
    "hair": 0,
    "MailData": [
    ],
    "PlayerName": "Papurry2018",
    "hairColor": 0,
    "UUID": "02419e3b-b4bd-3428-bb8c-e1a52f4e98aa",
    "ScriptStoreddata": {
    },
    "TransportData": [
    ],
    "NpcsTimers": [
    ],
    "FactionData": [
    ],
    "BankData": [
    ],
    "jacket": 0,
    "QuestData": {
        "CompletedQuests": [
        ],
        "ActiveQuests": [
        ]
    },
    "PlayerCompanionId": 0,
    "shoes": 0,
    "ItemGiverChained": [
    ],
    "isMale": 0b,
    "face": 0,
    "peculiarities": [I;]
}
