{
    "bodyColor": 0,
    "eyesColor": 0,
    "ItemGiversList": [
    ],
    "body": 0,
    "isActive": 0b,
    "DialogData": [
    ],
    "leg": 0,
    "hair": 0,
    "MailData": [
    ],
    "PlayerName": "dragon_fuego2",
    "hairColor": 0,
    "UUID": "d9e2d15e-465f-3a73-a9e9-c2aa68fc431d",
    "ScriptStoreddata": {
    },
    "TransportData": [
    ],
    "NpcsTimers": [
    ],
    "FactionData": [
    ],
    "BankData": [
    ],
    "jacket": 0,
    "QuestData": {
        "CompletedQuests": [
        ],
        "ActiveQuests": [
        ]
    },
    "PlayerCompanionId": 0,
    "shoes": 0,
    "ItemGiverChained": [
    ],
    "isMale": 0b,
    "face": 0,
    "peculiarities": [I;]
}
