{
    "bodyColor": 0,
    "eyesColor": 0,
    "ItemGiversList": [
    ],
    "body": 0,
    "isActive": 0b,
    "DialogData": [
    ],
    "leg": 0,
    "hair": 0,
    "MailData": [
    ],
    "PlayerName": "Winter_knight10",
    "hairColor": 0,
    "UUID": "db4dd5ca-9dc7-3bf0-b0f0-3781ff168714",
    "ScriptStoreddata": {
    },
    "TransportData": [
    ],
    "NpcsTimers": [
    ],
    "FactionData": [
    ],
    "BankData": [
    ],
    "jacket": 0,
    "QuestData": {
        "CompletedQuests": [
        ],
        "ActiveQuests": [
        ]
    },
    "PlayerCompanionId": 0,
    "shoes": 0,
    "ItemGiverChained": [
    ],
    "isMale": 0b,
    "face": 0,
    "peculiarities": [I;]
}
