{
    "bodyColor": 0,
    "eyesColor": 0,
    "ItemGiversList": [
    ],
    "body": 0,
    "isActive": 0b,
    "DialogData": [
    ],
    "leg": 0,
    "hair": 0,
    "MailData": [
    ],
    "PlayerName": "papurry2018",
    "hairColor": 0,
    "UUID": "fda9c5ef-0ef8-34e3-9e23-52fc9525c510",
    "ScriptStoreddata": {
    },
    "TransportData": [
    ],
    "NpcsTimers": [
    ],
    "FactionData": [
    ],
    "BankData": [
    ],
    "jacket": 0,
    "QuestData": {
        "CompletedQuests": [
        ],
        "ActiveQuests": [
        ]
    },
    "PlayerCompanionId": 0,
    "shoes": 0,
    "ItemGiverChained": [
    ],
    "isMale": 0b,
    "face": 0,
    "peculiarities": [I;]
}
