{"stats":{"minecraft:used":{"alexsmobs:animal_dictionary":1,"minecraft:grass_block":1},"minecraft:picked_up":{"minecraft:grass_block":1},"minecraft:custom":{"minecraft:jump":89,"minecraft:time_since_rest":472,"minecraft:leave_game":1,"minecraft:deaths":3,"minecraft:crouch_one_cm":415,"minecraft:damage_taken":1120,"minecraft:play_time":14492,"minecraft:walk_on_water_one_cm":6048,"minecraft:time_since_death":391,"minecraft:walk_one_cm":15442,"minecraft:sneak_time":150,"minecraft:total_world_time":14492,"minecraft:walk_under_water_one_cm":42399,"minecraft:swim_one_cm":2042,"minecraft:fall_one_cm":1848,"minecraft:fly_one_cm":2592}},"DataVersion":3465}