{"stats":{"minecraft:custom":{"minecraft:jump":104,"minecraft:time_since_rest":10722,"minecraft:crouch_one_cm":261,"minecraft:leave_game":1,"minecraft:sprint_one_cm":6535,"minecraft:play_time":10722,"minecraft:walk_on_water_one_cm":1069,"minecraft:time_since_death":10722,"minecraft:walk_one_cm":13299,"minecraft:sneak_time":63,"minecraft:total_world_time":10722,"minecraft:walk_under_water_one_cm":2030,"minecraft:swim_one_cm":979,"minecraft:fall_one_cm":1225,"minecraft:fly_one_cm":6885}},"DataVersion":3465}