{"stats":{"minecraft:custom":{"minecraft:time_since_rest":9993,"minecraft:interact_with_furnace":12,"minecraft:sprint_one_cm":79183,"minecraft:damage_taken":908,"minecraft:walk_one_cm":63607,"minecraft:mob_kills":9,"minecraft:damage_dealt":2102,"minecraft:interact_with_crafting_table":7,"minecraft:fly_one_cm":83252,"minecraft:play_time":30462,"tombstone:undead_killed":6,"minecraft:deaths":3,"minecraft:sneak_time":10,"minecraft:jump":419,"minecraft:leave_game":2,"minecraft:time_since_death":8760,"minecraft:total_world_time":30462,"minecraft:fall_one_cm":6581},"minecraft:used":{"inka:cuy_item":1,"minecraft:stone_pickaxe":47,"minecraft:wooden_pickaxe":18,"warleryshq:earlygamebox":1,"minecraft:rotten_flesh":1,"minecraft:iron_chestplate":1,"minecraft:wooden_sword":3,"minecraft:crafting_table":1,"minecraft:furnace":1,"epicfight:iron_tachi":30},"minecraft:crafted":{"epicfight:iron_tachi":1,"minecraft:wooden_sword":1,"minecraft:oak_planks":16,"minecraft:crafting_table":1,"minecraft:stick":8,"minecraft:wooden_pickaxe":1,"minecraft:iron_ingot":20,"minecraft:stone_pickaxe":1,"minecraft:iron_sword":1,"minecraft:furnace":1,"minecraft:air":0},"minecraft:picked_up":{"minecraft:raw_iron":24,"minecraft:iron_chestplate":1,"minecraft:feather":1,"warleryshq:dearcommander":1,"minecraft:oak_log":4,"warleryshq:piklo_male_contract":1,"iceandfire:ectoplasm":1,"tombstone:grave_dust":2,"warleryshq:turret_gear":2,"mekanism:raw_osmium":17,"warleryshq:abandonated_bull_cannon_crate":1,"minecraft:rotten_flesh":3,"minecraft:bucket":1,"minecraft:iron_ingot":1,"warleryshq:piklo_female_contract":2,"warleryshq:gearcrate":2,"minecraft:coal":8,"minecraft:cobblestone":14,"inka:cuy_item":1},"minecraft:mined":{"mekanism:osmium_ore":17,"minecraft:iron_ore":24,"minecraft:grass":1,"minecraft:oak_log":4,"minecraft:coal_ore":8,"warleryshq:earlygamebox":1,"minecraft:stone":14},"minecraft:killed":{"inka:cuy":1,"minecraft:zombie":3,"iceandfire:ghost":3,"alexsmobs:seagull":1,"born_in_chaos_v1:maggot":1}},"DataVersion":3465}