{"stats":{"minecraft:mined":{"minecraft:grass":1,"minecraft:coal_ore":8,"minecraft:oak_log":4,"minecraft:iron_ore":13,"minecraft:stone":4},"minecraft:custom":{"minecraft:time_since_rest":5633,"minecraft:walk_one_cm":15494,"minecraft:play_time":7917,"minecraft:sprint_one_cm":30634,"minecraft:damage_taken":290,"minecraft:deaths":1,"minecraft:jump":162,"minecraft:damage_dealt":20,"minecraft:time_since_death":5592,"minecraft:total_world_time":7917,"minecraft:interact_with_crafting_table":3,"minecraft:fall_one_cm":1925,"minecraft:fly_one_cm":42343},"minecraft:crafted":{"minecraft:wooden_sword":1,"minecraft:oak_planks":16,"minecraft:crafting_table":1,"minecraft:stick":8,"minecraft:wooden_pickaxe":1,"minecraft:stone_pickaxe":1},"minecraft:used":{"minecraft:crafting_table":1,"minecraft:stone_pickaxe":14,"minecraft:wooden_pickaxe":12},"minecraft:picked_up":{"minecraft:raw_iron":13,"minecraft:oak_log":4,"minecraft:coal":8,"minecraft:cobblestone":4}},"DataVersion":3465}