{"stats":{"minecraft:custom":{"minecraft:time_since_rest":8114,"minecraft:sprint_one_cm":34229,"minecraft:damage_taken":726,"minecraft:walk_one_cm":63144,"minecraft:mob_kills":1,"minecraft:drop":1,"tombstone:raider_killed":1,"minecraft:damage_dealt":273,"minecraft:swim_one_cm":12490,"minecraft:interact_with_crafting_table":2,"minecraft:fly_one_cm":32654,"minecraft:open_chest":9,"minecraft:crouch_one_cm":393,"minecraft:play_time":33055,"minecraft:deaths":2,"minecraft:sneak_time":168,"minecraft:walk_under_water_one_cm":1198,"minecraft:jump":227,"minecraft:leave_game":1,"minecraft:walk_on_water_one_cm":8451,"minecraft:time_since_death":24023,"minecraft:sleep_in_bed":1,"minecraft:climb_one_cm":6588,"minecraft:total_world_time":33055,"minecraft:fall_one_cm":5682},"minecraft:dropped":{"minecraft:oak_log":1},"minecraft:killed":{"minecraft:pillager":1},"minecraft:picked_up":{"minecraft:stick":3,"illagerinvasion:platinum_chunk":1,"minecraft:spruce_fence":1,"minecraft:spruce_stairs":3,"minecraft:gravel":2,"epicfight:skillbook":1,"minecraft:oak_log":6,"minecraft:lily_pad":3,"minecraft:string":13,"minecraft:dark_oak_log":2,"minecraft:dirt":1,"minecraft:lantern":1,"minecraft:dark_oak_planks":1,"lightmanscurrency:coin_emerald":1,"lightmanscurrency:coin_copper":1,"minecraft:crossbow":1,"minecraft:emerald":1,"lightmanscurrency:coin_iron":4,"minecraft:moss_block":1,"minecraft:oak_sapling":4},"minecraft:crafted":{"minecraft:wooden_sword":1,"minecraft:white_wool":2,"minecraft:crafting_table":1,"minecraft:stick":4,"minecraft:dark_oak_planks":8},"minecraft:mined":{"minecraft:dark_oak_planks":1,"minecraft:spruce_stairs":3,"minecraft:glass_pane":1,"minecraft:dark_oak_log":2,"minecraft:spruce_fence":2,"minecraft:oak_log":7,"minecraft:gravel":2,"minecraft:dirt":1,"minecraft:infested_cracked_stone_bricks":1,"minecraft:cobweb":13,"minecraft:moss_block":1,"minecraft:oak_leaves":5},"minecraft:used":{"minecraft:oak_log":5,"minecraft:moss_block":1,"minecraft:dark_oak_planks":1,"minecraft:apple":1,"minecraft:lantern":1,"beachparty:swim_wings":1,"minecraft:gravel":2,"minecraft:wooden_sword":13,"minecraft:dirt":1,"travelersbackpack:standard":3,"minecraft:crafting_table":1,"minecraft:cooked_porkchop":1,"minecraft:spruce_stairs":2,"alexsmobs:animal_dictionary":4,"minecraft:spruce_fence":1,"minecraft:cobweb":15}},"DataVersion":3465}