{"stats":{"minecraft:custom":{"minecraft:open_chest":2,"minecraft:time_since_rest":7481,"minecraft:crouch_one_cm":121,"minecraft:walk_one_cm":40835,"minecraft:play_time":16483,"minecraft:sprint_one_cm":32682,"minecraft:damage_taken":630,"minecraft:deaths":2,"minecraft:sneak_time":65,"minecraft:walk_under_water_one_cm":1198,"minecraft:drop":1,"minecraft:jump":181,"minecraft:damage_dealt":33,"minecraft:time_since_death":7451,"minecraft:walk_on_water_one_cm":8451,"minecraft:total_world_time":16483,"minecraft:climb_one_cm":3058,"minecraft:swim_one_cm":12490,"minecraft:fall_one_cm":3533,"minecraft:fly_one_cm":30504},"minecraft:dropped":{"minecraft:oak_log":1},"minecraft:picked_up":{"minecraft:stick":3,"minecraft:spruce_fence":1,"minecraft:oak_log":6,"minecraft:lily_pad":3,"minecraft:oak_sapling":4,"minecraft:moss_block":1},"minecraft:mined":{"minecraft:spruce_fence":2,"minecraft:oak_log":7,"minecraft:infested_cracked_stone_bricks":1,"minecraft:moss_block":1,"minecraft:oak_leaves":3},"minecraft:used":{"minecraft:oak_log":5,"minecraft:moss_block":1,"alexsmobs:animal_dictionary":4,"minecraft:spruce_fence":1,"minecraft:cobweb":2}},"DataVersion":3465}