{"stats":{"minecraft:dropped":{"alexsmobs:animal_dictionary":3,"minecraft:glass_bottle":2,"minecraft:red_mushroom":4,"patchouli:guide_book":2,"butcher:sheep_corpse_item":1,"minecraft:dirt":1,"minecraft:gunpowder":1,"butcher:zombiecorpse":5,"artifacts:eternal_steak":1,"tombstone:grave_dust":6},"minecraft:killed":{"minecraft:spider":2,"born_in_chaos_v1:maggot":1,"minecraft:skeleton":1,"minecraft:sheep":1,"minecraft:zombie":5,"born_in_chaos_v1:corpse_fish":1,"wildernature:boar":1},"minecraft:used":{"minecraft:water_bucket":16,"minecraft:stone_pickaxe":23,"minecraft:wooden_pickaxe":6,"minecraft:shield":8,"artifacts:eternal_steak":3,"minecraft:iron_sword":12,"minecraft:torch":2,"minecraft:glow_berries":7,"minecraft:dirt":4,"inka:coca":1,"minecraft:tnt":9,"minecraft:crafting_table":2,"neapolitan:strawberry_milkshake":2,"regions_unexplored:pink_bioshroom":1,"tombstone:bag_of_seeds":1,"born_in_chaos_v1:corpse_maggot":1,"minecraft:dark_oak_planks":11,"minecraft:iron_axe":34,"born_in_chaos_v1:rotten_fish":1,"butcher:netherite_butchers_knife":28,"minecraft:furnace":1,"minecraft:bucket":16},"minecraft:mined":{"minecraft:dark_oak_leaves":2,"regions_unexplored:pink_bioshroom":1,"minecraft:dark_oak_log":37,"minecraft:crafting_table":1,"minecraft:torch":2,"minecraft:cave_vines_plant":1,"regions_unexplored:peat_grass_block":1,"minecraft:grass_block":4,"minecraft:decorated_pot":1,"minecraft:mushroom_stem":8,"vinery:white_grape_bush":10,"minecraft:spawner":2,"minecraft:furnace":1,"minecraft:iron_ore":7,"minecraft:tnt":10,"minecraft:grass":1,"minecraft:coal_ore":6,"regions_unexplored:peat_dirt":2,"regions_unexplored:medium_grass":1,"minecraft:red_mushroom_block":5,"minecraft:stone":12},"minecraft:picked_up":{"born_in_chaos_v1:corpse_maggot":1,"minecraft:crafting_table":1,"artifacts:eternal_steak":1,"minecraft:lead":2,"minecraft:red_mushroom":4,"minecraft:brick":4,"minecraft:gunpowder":1,"minecraft:dirt":5,"inka:coca":1,"minecraft:bone":3,"butcher:pillagerdisguise_helmet":1,"dungeonnowloading:spawner_fragment":10,"regions_unexplored:pink_bioshroom":1,"tombstone:bag_of_seeds":1,"minecraft:glass_bottle":1,"lightmanscurrency:coin_iron":4,"mekanism:canteen":1,"minecraft:iron_sword":1,"butcher:pillagerdisguise_leggings":1,"minecraft:furnace":1,"neapolitan:strawberry_milkshake":1,"minecraft:raw_iron":7,"butcher:netherite_butchers_knife":23,"patchouli:guide_book":1,"minecraft:torch":3,"minecraft:gravel":7,"butcher:sheep_corpse_item":1,"minecraft:porkchop":3,"butcher:pillagerdisguise_boots":1,"tombstone:grave_dust":6,"minecraft:dark_oak_log":37,"alexsmobs:animal_dictionary":2,"butcher:zombiecorpse":5,"minecraft:tnt":10,"vinery:white_grape_seeds":14,"minecraft:bone_meal":2,"tombstone:magic_scroll":1,"born_in_chaos_v1:rotten_fish":1,"minecraft:music_disc_wait":1,"minecraft:coal":6,"minecraft:white_wool":1,"butcher:pillagerdisguise_chestplate":1,"minecraft:cobblestone":12},"minecraft:custom":{"minecraft:interact_with_furnace":6,"minecraft:mob_kills":14,"minecraft:interact_with_crafting_table":13,"minecraft:time_since_death":28883,"minecraft:climb_one_cm":915,"minecraft:time_since_rest":28883,"minecraft:sprint_one_cm":43312,"minecraft:damage_taken":1512,"minecraft:walk_one_cm":71776,"minecraft:damage_blocked_by_shield":370,"minecraft:drop":16,"minecraft:damage_dealt":2138,"minecraft:swim_one_cm":27487,"minecraft:fly_one_cm":33797,"minecraft:open_chest":1,"minecraft:crouch_one_cm":1038,"minecraft:play_time":28883,"tombstone:undead_killed":8,"minecraft:sneak_time":1065,"minecraft:walk_under_water_one_cm":21245,"minecraft:jump":432,"minecraft:walk_on_water_one_cm":7328,"minecraft:total_world_time":28883,"minecraft:fall_one_cm":7688,"minecraft:horse_one_cm":226},"minecraft:crafted":{"minecraft:crafting_table":2,"minecraft:wooden_pickaxe":1,"minecraft:furnace":1,"minecraft:bucket":1,"minecraft:air":0,"minecraft:shield":1,"minecraft:iron_axe":2,"minecraft:stick":12,"minecraft:iron_ingot":7,"minecraft:stone_pickaxe":1,"minecraft:dark_oak_planks":148}},"DataVersion":3465}