{"stats":{"minecraft:dropped":{"minecraft:gravel":7,"vinery:taiga_grape_seeds_red":3,"lightmanscurrency:coin_copper":12,"alexsmobs:animal_dictionary":3,"minecraft:glass_bottle":2,"minecraft:cobblestone":2,"butcher:chicken_corpse_item":3,"minecraft:torchflower_seeds":4,"minecraft:pumpkin_seeds":3,"minecraft:red_mushroom":4,"patchouli:guide_book":2,"butcher:sheep_corpse_item":1,"minecraft:dirt":1,"iceandfire:ghost_chest":1,"minecraft:gunpowder":1,"butcher:zombiecorpse":5,"italianbrainrotsforzaken:zapatos_tralalero":1,"artifacts:eternal_steak":1,"tombstone:grave_dust":6,"lightmanscurrency:coin_iron":4,"minecraft:sand":1,"butcher:pillagerdisguise_boots":1},"minecraft:killed":{"italianbrainrotsforzaken:agarrini_lapalini":1,"minecraft:spider":2,"born_in_chaos_v1:maggot":1,"minecraft:skeleton":2,"minecraft:sheep":1,"minecraft:zombie":6,"born_in_chaos_v1:corpse_fish":1,"wildernature:boar":1},"minecraft:used":{"minecraft:water_bucket":19,"minecraft:stone_pickaxe":29,"minecraft:wooden_pickaxe":6,"minecraft:shield":14,"artifacts:eternal_steak":3,"minecraft:iron_sword":29,"minecraft:torch":2,"minecraft:glow_berries":7,"minecraft:dirt":4,"minecraft:sand":4,"inka:coca":1,"minecraft:tnt":9,"minecraft:crafting_table":2,"neapolitan:strawberry_milkshake":2,"regions_unexplored:pink_bioshroom":1,"tombstone:bag_of_seeds":1,"born_in_chaos_v1:corpse_maggot":1,"minecraft:dark_oak_planks":15,"minecraft:iron_axe":39,"born_in_chaos_v1:rotten_fish":1,"butcher:netherite_butchers_knife":35,"minecraft:furnace":1,"minecraft:bucket":19,"tombstone:gift":1},"minecraft:mined":{"minecraft:dark_oak_leaves":2,"regions_unexplored:pink_bioshroom":1,"minecraft:dark_oak_log":38,"minecraft:crafting_table":1,"minecraft:torch":2,"minecraft:cave_vines_plant":1,"regions_unexplored:peat_grass_block":1,"minecraft:grass_block":4,"minecraft:decorated_pot":1,"iceandfire:ghost_chest":1,"minecraft:campfire":1,"minecraft:mushroom_stem":8,"vinery:white_grape_bush":10,"minecraft:spawner":2,"minecraft:furnace":1,"minecraft:iron_ore":8,"born_in_chaos_v1:river_mint":1,"minecraft:tnt":10,"minecraft:grass":3,"minecraft:coal_ore":6,"regions_unexplored:peat_dirt":2,"minecraft:sand":5,"regions_unexplored:medium_grass":1,"minecraft:red_mushroom_block":5,"minecraft:stone":12},"minecraft:picked_up":{"born_in_chaos_v1:corpse_maggot":1,"minecraft:crafting_table":1,"born_in_chaos_v1:river_mint":1,"artifacts:eternal_steak":1,"minecraft:lead":2,"minecraft:red_mushroom":4,"italianbrainrotsforzaken:armor_italian_boots":1,"minecraft:brick":4,"minecraft:gunpowder":1,"iceandfire:manuscript":6,"minecraft:dirt":5,"inka:coca":1,"minecraft:bone":5,"butcher:pillagerdisguise_helmet":1,"dungeonnowloading:spawner_fragment":10,"minecraft:gold_nugget":9,"regions_unexplored:pink_bioshroom":1,"tombstone:bag_of_seeds":1,"minecraft:glass_bottle":1,"lightmanscurrency:coin_iron":8,"mekanism:canteen":1,"minecraft:iron_sword":1,"butcher:pillagerdisguise_leggings":1,"minecraft:furnace":1,"iceandfire:ghost_chest":1,"neapolitan:strawberry_milkshake":1,"minecraft:raw_iron":8,"butcher:netherite_butchers_knife":23,"patchouli:guide_book":1,"minecraft:torch":3,"minecraft:torchflower_seeds":2,"minecraft:gravel":7,"butcher:sheep_corpse_item":1,"minecraft:porkchop":3,"minecraft:sand":5,"butcher:pillagerdisguise_boots":1,"tombstone:grave_dust":6,"minecraft:dark_oak_log":38,"alexsmobs:animal_dictionary":2,"lightmanscurrency:coin_copper":12,"butcher:zombiecorpse":5,"minecraft:tnt":10,"minecraft:arrow":1,"vinery:white_grape_seeds":14,"italianbrainrotsforzaken:zapatos_tralalero":1,"butcher:chicken_corpse_item":3,"minecraft:bone_meal":2,"tombstone:magic_scroll":1,"born_in_chaos_v1:rotten_fish":1,"minecraft:music_disc_wait":1,"minecraft:skeleton_skull":1,"minecraft:coal":6,"minecraft:white_wool":1,"butcher:pillagerdisguise_chestplate":1,"minecraft:cobblestone":13},"minecraft:custom":{"minecraft:interact_with_furnace":6,"minecraft:mob_kills":17,"minecraft:interact_with_crafting_table":14,"minecraft:open_barrel":1,"minecraft:leave_game":1,"minecraft:time_since_death":0,"minecraft:climb_one_cm":1809,"minecraft:time_since_rest":624,"minecraft:sprint_one_cm":81793,"minecraft:damage_taken":3671,"minecraft:walk_one_cm":100447,"minecraft:damage_blocked_by_shield":730,"minecraft:drop":30,"minecraft:damage_dealt":3528,"minecraft:swim_one_cm":65928,"minecraft:fly_one_cm":275019,"minecraft:open_chest":2,"minecraft:crouch_one_cm":1188,"minecraft:play_time":79769,"tombstone:undead_killed":10,"minecraft:deaths":3,"minecraft:sneak_time":1279,"minecraft:walk_under_water_one_cm":28490,"minecraft:jump":765,"minecraft:walk_on_water_one_cm":15213,"minecraft:total_world_time":79769,"minecraft:fall_one_cm":18418,"minecraft:horse_one_cm":226},"minecraft:crafted":{"minecraft:crafting_table":2,"minecraft:wooden_pickaxe":1,"minecraft:furnace":1,"minecraft:bucket":1,"minecraft:air":0,"minecraft:shield":1,"minecraft:iron_axe":2,"minecraft:stick":12,"minecraft:iron_ingot":7,"minecraft:stone_pickaxe":1,"minecraft:dark_oak_planks":148}},"DataVersion":3465}