{"stats":{"minecraft:crafted":{"minecraft:oak_planks":44,"minecraft:crafting_table":1,"minecraft:stick":8,"minecraft:wooden_axe":1},"minecraft:broken":{"minecraft:wooden_axe":1},"minecraft:picked_up":{"born_in_chaos_v1:corpse_maggot":3,"minecraft:stick":6,"minecraft:crafting_table":1,"patchouli:guide_book":1,"epicfight:skillbook":1,"hexerei:mahogany_planks":2,"minecraft:oak_log":11,"minecraft:gunpowder":2,"minecraft:redstone":1,"lightmanscurrency:coin_copper":2,"hexerei:willow_stairs":1,"hexerei:pestle_and_mortar":1,"lightmanscurrency:coin_gold":4,"minecraft:emerald":2,"hexerei:willow_planks":5,"minecraft:glowstone_dust":2,"lightmanscurrency:coin_iron":1,"minecraft:wooden_axe":1},"minecraft:mined":{"hexerei:pestle_and_mortar":1,"minecraft:crafting_table":1,"hexerei:mahogany_planks":2,"minecraft:grass":1,"minecraft:oak_log":11,"hexerei:willow_stairs":1,"minecraft:oak_leaves":4,"hexerei:willow_planks":5},"minecraft:used":{"hexerei:willow_planks":3,"minecraft:wooden_axe":35,"hexerei:pestle_and_mortar":1,"minecraft:rotten_flesh":3,"hexerei:mahogany_planks":1,"minecraft:crafting_table":1,"alexsmobs:animal_dictionary":1},"minecraft:killed":{"minecraft:witch":3,"born_in_chaos_v1:corpse_fly":2},"minecraft:custom":{"minecraft:time_since_rest":1405,"minecraft:sprint_one_cm":31369,"minecraft:damage_taken":210,"minecraft:walk_one_cm":45786,"minecraft:mob_kills":5,"minecraft:drop":6,"tombstone:raider_killed":3,"minecraft:damage_dealt":1174,"minecraft:talked_to_villager":1,"minecraft:interact_with_crafting_table":1,"minecraft:fly_one_cm":10721,"minecraft:open_chest":1,"minecraft:crouch_one_cm":1286,"minecraft:play_time":16249,"minecraft:sneak_time":585,"minecraft:walk_under_water_one_cm":158,"minecraft:jump":110,"minecraft:leave_game":1,"minecraft:walk_on_water_one_cm":3001,"minecraft:time_since_death":16249,"minecraft:sleep_in_bed":1,"minecraft:climb_one_cm":7685,"minecraft:total_world_time":16249,"minecraft:fall_one_cm":1753,"minecraft:horse_one_cm":147},"minecraft:dropped":{"hexerei:willow_planks":2,"hexerei:mahogany_planks":1,"hexerei:willow_stairs":1,"minecraft:glowstone_dust":2,"patchouli:guide_book":1,"minecraft:redstone":1}},"DataVersion":3465}