{"stats":{"minecraft:crafted":{"minecraft:oak_planks":44,"minecraft:crafting_table":1,"minecraft:stick":8,"minecraft:wooden_axe":1},"minecraft:picked_up":{"minecraft:stick":6,"minecraft:crafting_table":1,"patchouli:guide_book":1,"hexerei:mahogany_planks":2,"minecraft:oak_log":11,"minecraft:gunpowder":2,"minecraft:redstone":1,"lightmanscurrency:coin_copper":2,"hexerei:willow_stairs":1,"lightmanscurrency:coin_gold":4,"minecraft:emerald":2,"hexerei:willow_planks":5,"minecraft:glowstone_dust":2,"lightmanscurrency:coin_iron":1},"minecraft:mined":{"minecraft:crafting_table":1,"hexerei:mahogany_planks":2,"minecraft:grass":1,"minecraft:oak_log":11,"hexerei:willow_stairs":1,"minecraft:oak_leaves":4,"hexerei:willow_planks":5},"minecraft:used":{"hexerei:willow_planks":3,"minecraft:wooden_axe":22,"hexerei:mahogany_planks":1,"minecraft:crafting_table":1,"alexsmobs:animal_dictionary":1},"minecraft:killed":{"minecraft:witch":2},"minecraft:custom":{"minecraft:time_since_rest":13561,"minecraft:sprint_one_cm":25126,"minecraft:damage_taken":110,"minecraft:walk_one_cm":32083,"minecraft:mob_kills":2,"minecraft:drop":3,"tombstone:raider_killed":2,"minecraft:damage_dealt":634,"minecraft:talked_to_villager":1,"minecraft:interact_with_crafting_table":1,"minecraft:fly_one_cm":9833,"minecraft:crouch_one_cm":1160,"minecraft:play_time":13561,"minecraft:sneak_time":491,"minecraft:walk_under_water_one_cm":158,"minecraft:jump":100,"minecraft:walk_on_water_one_cm":3001,"minecraft:time_since_death":13561,"minecraft:climb_one_cm":7061,"minecraft:total_world_time":13561,"minecraft:fall_one_cm":1753,"minecraft:horse_one_cm":147},"minecraft:dropped":{"hexerei:willow_planks":2,"hexerei:willow_stairs":1,"patchouli:guide_book":1}},"DataVersion":3465}