{"stats":{"minecraft:custom":{"minecraft:interact_with_smithing_table":1,"minecraft:mob_kills":17,"tombstone:raider_killed":6,"minecraft:interact_with_crafting_table":7,"minecraft:interact_with_cartography_table":1,"minecraft:leave_game":1,"minecraft:time_since_death":11191,"minecraft:climb_one_cm":12763,"minecraft:sleep_in_bed":2,"minecraft:time_since_rest":11241,"minecraft:sprint_one_cm":120261,"minecraft:walk_one_cm":158257,"minecraft:damage_taken":710,"minecraft:damage_absorbed":10,"minecraft:drop":16,"minecraft:damage_dealt":3147,"minecraft:play_noteblock":1,"minecraft:swim_one_cm":4855,"minecraft:talked_to_villager":1,"minecraft:fly_one_cm":51856,"minecraft:open_chest":23,"minecraft:crouch_one_cm":1504,"tombstone:undead_killed":6,"minecraft:play_time":48562,"minecraft:deaths":2,"minecraft:sneak_time":652,"minecraft:walk_under_water_one_cm":4366,"minecraft:boat_one_cm":13762,"minecraft:jump":343,"minecraft:walk_on_water_one_cm":6263,"minecraft:total_world_time":48562,"minecraft:fall_one_cm":5543,"minecraft:horse_one_cm":147},"minecraft:dropped":{"minecraft:stone_axe":1,"hexerei:mahogany_planks":1,"minecraft:glass_bottle":1,"hexerei:willow_stairs":1,"minecraft:rotten_flesh":6,"minecraft:glowstone_dust":2,"patchouli:guide_book":1,"minecraft:spruce_fence_gate":2,"minecraft:sea_lantern":5,"hexerei:willow_planks":2,"neapolitan:adzuki_beans":3,"minecraft:redstone":1},"minecraft:killed":{"minecraft:evoker":1,"minecraft:witch":4,"born_in_chaos_v1:baby_skeleton":2,"fossil:alligator_gar":1,"minecraft:pillager":1,"minecraft:zombie":4,"creeperoverhaul:swamp_creeper":1,"born_in_chaos_v1:corpse_fly":2,"italianbrainrotsforzaken:capuchinas":1},"minecraft:picked_up":{"minecraft:wooden_axe":1,"born_in_chaos_v1:corpse_maggot":3,"minecraft:crafting_table":4,"illagerinvasion:platinum_chunk":1,"minecraft:oak_log":24,"minecraft:lily_pad":2,"minecraft:gunpowder":2,"inka:coca":16,"minecraft:bone":4,"hexerei:willow_stairs":1,"neapolitan:adzuki_beans":3,"hexerei:pestle_and_mortar":1,"minecraft:cartography_table":1,"minecraft:oak_boat":1,"minecraft:glass_bottle":3,"minecraft:glowstone_dust":3,"lightmanscurrency:coin_iron":4,"minecraft:sugar_cane":17,"regions_unexplored:duckweed":1,"minecraft:dark_oak_sapling":1,"minecraft:stick":6,"patchouli:guide_book":1,"minecraft:gravel":2,"epicfight:skillbook":2,"hexerei:mahogany_planks":2,"fossil:meat_alligator_gar":1,"minecraft:redstone":1,"minecraft:dark_oak_log":3,"lightmanscurrency:coin_emerald":3,"lightmanscurrency:coin_copper":25,"minecraft:spruce_fence_gate":2,"minecraft:arrow":1,"minecraft:rotten_flesh":6,"minecraft:stone_axe":1,"lightmanscurrency:coin_gold":6,"minecraft:totem_of_undying":1,"minecraft:emerald":3,"hexerei:willow_planks":5,"minecraft:coal":16,"minecraft:cobblestone":21},"minecraft:crafted":{"minecraft:oak_planks":96,"minecraft:crafting_table":1,"minecraft:wooden_pickaxe":1,"minecraft:dark_oak_button":12,"minecraft:stone_axe":1,"minecraft:oak_boat":1,"minecraft:stick":8,"minecraft:wooden_axe":4,"minecraft:chest":2,"minecraft:dark_oak_planks":12,"minecraft:torch":8},"minecraft:broken":{"minecraft:wooden_axe":2},"minecraft:mined":{"minecraft:dark_oak_leaves":4,"regions_unexplored:duckweed":1,"minecraft:dark_oak_log":3,"minecraft:crafting_table":4,"neapolitan:adzuki_sprouts":1,"minecraft:tall_grass":2,"minecraft:sugar_cane":8,"minecraft:cartography_table":1,"hexerei:willow_planks":5,"minecraft:large_fern":1,"hexerei:pestle_and_mortar":1,"hexerei:mahogany_planks":2,"minecraft:grass":3,"minecraft:coal_ore":16,"minecraft:oak_log":24,"minecraft:gravel":2,"hexerei:willow_stairs":1,"minecraft:stone":21,"minecraft:spruce_fence_gate":1,"minecraft:oak_leaves":7},"minecraft:used":{"hexerei:pestle_and_mortar":1,"minecraft:glass_bottle":1,"minecraft:chest":2,"minecraft:oak_planks":5,"minecraft:wooden_pickaxe":46,"minecraft:rotten_flesh":3,"minecraft:torch":3,"hexerei:mahogany_planks":1,"minecraft:crafting_table":5,"hexerei:willow_planks":3,"born_in_chaos_v1:corpse_maggot":3,"minecraft:wooden_axe":93,"hexerei:blood_bottle":1,"minecraft:stone_axe":18,"minecraft:cobblestone":2,"fossil:meat_alligator_gar":1,"minecraft:oak_boat":1,"alexsmobs:animal_dictionary":1,"minecraft:potato":10,"minecraft:dark_oak_sapling":1}},"DataVersion":3465}