{"stats":{"minecraft:custom":{"minecraft:interact_with_smithing_table":1,"minecraft:mob_kills":40,"tombstone:raider_killed":29,"minecraft:interact_with_crafting_table":12,"minecraft:interact_with_cartography_table":1,"minecraft:leave_game":1,"minecraft:time_since_death":29191,"minecraft:climb_one_cm":12763,"minecraft:sleep_in_bed":2,"minecraft:time_since_rest":29241,"minecraft:sprint_one_cm":155186,"minecraft:walk_one_cm":241813,"minecraft:damage_taken":1515,"minecraft:damage_absorbed":40,"minecraft:drop":16,"minecraft:damage_dealt":5997,"minecraft:play_noteblock":1,"minecraft:swim_one_cm":4855,"minecraft:talked_to_villager":1,"minecraft:fly_one_cm":62159,"minecraft:open_chest":37,"minecraft:crouch_one_cm":5729,"tombstone:undead_killed":6,"minecraft:play_time":66562,"minecraft:deaths":2,"minecraft:sneak_time":1543,"minecraft:walk_under_water_one_cm":4366,"minecraft:boat_one_cm":13762,"minecraft:jump":482,"minecraft:walk_on_water_one_cm":6491,"minecraft:total_world_time":66562,"minecraft:fall_one_cm":8955,"minecraft:horse_one_cm":147},"minecraft:dropped":{"minecraft:stone_axe":1,"hexerei:mahogany_planks":1,"minecraft:glass_bottle":1,"hexerei:willow_stairs":1,"minecraft:rotten_flesh":6,"minecraft:glowstone_dust":2,"patchouli:guide_book":1,"minecraft:spruce_fence_gate":2,"minecraft:sea_lantern":5,"hexerei:willow_planks":2,"neapolitan:adzuki_beans":3,"minecraft:redstone":1},"minecraft:killed":{"minecraft:evoker":1,"minecraft:witch":4,"born_in_chaos_v1:baby_skeleton":2,"minecraft:vindicator":3,"illagerinvasion:marauder":1,"fossil:alligator_gar":1,"minecraft:pillager":17,"minecraft:zombie":4,"creeperoverhaul:swamp_creeper":1,"born_in_chaos_v1:corpse_fly":2,"italianbrainrotsforzaken:capuchinas":1},"minecraft:picked_up":{"minecraft:wooden_axe":1,"born_in_chaos_v1:corpse_maggot":3,"minecraft:crafting_table":4,"minecraft:wheat":6,"illagerinvasion:platinum_chunk":11,"minecraft:stone_brick_stairs":1,"minecraft:oak_log":24,"minecraft:lily_pad":2,"minecraft:gunpowder":2,"minecraft:iron_axe":1,"minecraft:white_banner":1,"inka:coca":16,"minecraft:bone":4,"hexerei:willow_stairs":1,"neapolitan:adzuki_beans":3,"minecraft:stone_bricks":1,"hexerei:pestle_and_mortar":1,"minecraft:wheat_seeds":17,"minecraft:cartography_table":1,"minecraft:oak_boat":1,"minecraft:glass_bottle":3,"minecraft:glowstone_dust":3,"lightmanscurrency:coin_iron":31,"minecraft:sugar_cane":17,"minecraft:oak_planks":6,"regions_unexplored:duckweed":1,"minecraft:dark_oak_sapling":2,"minecraft:stick":6,"patchouli:guide_book":1,"minecraft:torch":2,"minecraft:gravel":2,"epicfight:skillbook":2,"hexerei:mahogany_planks":2,"fossil:meat_alligator_gar":1,"minecraft:redstone":1,"minecraft:dark_oak_log":22,"lightmanscurrency:coin_emerald":3,"lightmanscurrency:coin_copper":106,"minecraft:spruce_fence_gate":2,"minecraft:arrow":21,"minecraft:rotten_flesh":6,"minecraft:stone_axe":1,"lightmanscurrency:coin_gold":17,"minecraft:crossbow":1,"minecraft:totem_of_undying":1,"minecraft:emerald":26,"hexerei:willow_planks":5,"minecraft:dark_oak_fence":2,"minecraft:coal":16,"minecraft:cobblestone":23},"minecraft:crafted":{"minecraft:oak_planks":96,"minecraft:crafting_table":1,"minecraft:wooden_pickaxe":1,"minecraft:dark_oak_button":12,"minecraft:stone_axe":1,"minecraft:oak_boat":1,"minecraft:shield":1,"minecraft:iron_axe":1,"minecraft:stick":24,"minecraft:iron_pickaxe":1,"minecraft:wooden_axe":4,"minecraft:chest":2,"minecraft:dark_oak_planks":32,"minecraft:torch":32},"minecraft:broken":{"minecraft:wooden_axe":2},"minecraft:mined":{"minecraft:dark_oak_planks":1,"minecraft:glass_pane":2,"minecraft:dark_oak_leaves":15,"regions_unexplored:duckweed":1,"minecraft:dark_oak_log":22,"minecraft:crafting_table":4,"minecraft:dark_oak_fence":2,"neapolitan:adzuki_sprouts":1,"minecraft:tall_grass":2,"minecraft:cobblestone":2,"minecraft:oak_planks":6,"minecraft:sugar_cane":8,"minecraft:cartography_table":1,"minecraft:wall_torch":2,"hexerei:willow_planks":5,"minecraft:large_fern":1,"hexerei:pestle_and_mortar":1,"minecraft:wheat":6,"minecraft:fire":13,"minecraft:stone_brick_stairs":1,"hexerei:mahogany_planks":2,"minecraft:grass":3,"minecraft:coal_ore":16,"minecraft:oak_log":24,"minecraft:gravel":2,"hexerei:willow_stairs":1,"minecraft:stone_bricks":1,"minecraft:stone":21,"minecraft:spruce_fence_gate":1,"minecraft:oak_leaves":7},"minecraft:used":{"minecraft:wheat_seeds":6,"minecraft:beetroot":6,"hexerei:pestle_and_mortar":1,"minecraft:flint_and_steel":5,"minecraft:glass_bottle":1,"minecraft:chest":2,"minecraft:oak_planks":17,"minecraft:wooden_pickaxe":46,"minecraft:rotten_flesh":3,"minecraft:torch":25,"hexerei:mahogany_planks":1,"minecraft:crafting_table":5,"minecraft:crossbow":7,"hexerei:willow_planks":3,"born_in_chaos_v1:corpse_maggot":3,"minecraft:wooden_axe":93,"hexerei:blood_bottle":1,"minecraft:dark_oak_log":8,"minecraft:bread":6,"minecraft:iron_axe":78,"minecraft:melon_slice":5,"minecraft:iron_pickaxe":6,"minecraft:stone_bricks":1,"minecraft:totem_of_undying":1,"minecraft:stone_brick_stairs":1,"minecraft:stone_axe":46,"minecraft:cobblestone":2,"fossil:meat_alligator_gar":1,"tombstone:gift":2,"minecraft:pumpkin_pie":3,"minecraft:oak_boat":1,"alexsmobs:animal_dictionary":1,"minecraft:potato":22,"minecraft:dark_oak_sapling":1}},"DataVersion":3465}