{"stats":{"minecraft:custom":{"minecraft:time_since_rest":3542,"minecraft:sprint_one_cm":55384,"minecraft:damage_absorbed":10,"minecraft:damage_taken":405,"minecraft:walk_one_cm":90549,"minecraft:mob_kills":14,"minecraft:drop":6,"tombstone:raider_killed":4,"minecraft:damage_dealt":2211,"minecraft:play_noteblock":1,"minecraft:interact_with_cartography_table":1,"minecraft:interact_with_crafting_table":3,"minecraft:talked_to_villager":1,"minecraft:fly_one_cm":15479,"minecraft:open_chest":4,"minecraft:crouch_one_cm":1401,"minecraft:play_time":24562,"tombstone:undead_killed":6,"minecraft:deaths":1,"minecraft:sneak_time":600,"minecraft:walk_under_water_one_cm":158,"minecraft:jump":141,"minecraft:leave_game":1,"minecraft:time_since_death":6935,"minecraft:walk_on_water_one_cm":3001,"minecraft:sleep_in_bed":2,"minecraft:climb_one_cm":8395,"minecraft:total_world_time":24562,"minecraft:fall_one_cm":3536,"minecraft:horse_one_cm":147},"minecraft:dropped":{"hexerei:willow_planks":2,"hexerei:mahogany_planks":1,"hexerei:willow_stairs":1,"minecraft:glowstone_dust":2,"patchouli:guide_book":1,"minecraft:redstone":1},"minecraft:killed":{"minecraft:zombie":4,"minecraft:witch":4,"creeperoverhaul:swamp_creeper":1,"born_in_chaos_v1:baby_skeleton":2,"born_in_chaos_v1:corpse_fly":2,"italianbrainrotsforzaken:capuchinas":1},"minecraft:picked_up":{"minecraft:wooden_axe":1,"born_in_chaos_v1:corpse_maggot":3,"minecraft:stick":6,"minecraft:crafting_table":2,"patchouli:guide_book":1,"epicfight:skillbook":2,"hexerei:mahogany_planks":2,"minecraft:oak_log":14,"minecraft:gunpowder":2,"minecraft:redstone":1,"minecraft:dark_oak_log":3,"lightmanscurrency:coin_copper":23,"minecraft:spruce_fence_gate":1,"minecraft:bone":4,"minecraft:rotten_flesh":3,"hexerei:willow_stairs":1,"hexerei:pestle_and_mortar":1,"minecraft:cartography_table":1,"lightmanscurrency:coin_gold":6,"minecraft:glass_bottle":2,"minecraft:emerald":2,"hexerei:willow_planks":5,"minecraft:glowstone_dust":3,"lightmanscurrency:coin_iron":1},"minecraft:crafted":{"minecraft:oak_planks":44,"minecraft:crafting_table":1,"minecraft:stick":8,"minecraft:wooden_pickaxe":1,"minecraft:wooden_axe":2},"minecraft:broken":{"minecraft:wooden_axe":1},"minecraft:mined":{"minecraft:large_fern":1,"hexerei:pestle_and_mortar":1,"minecraft:dark_oak_log":3,"minecraft:crafting_table":2,"hexerei:mahogany_planks":2,"minecraft:grass":3,"minecraft:oak_log":14,"hexerei:willow_stairs":1,"minecraft:tall_grass":2,"minecraft:spruce_fence_gate":1,"minecraft:cartography_table":1,"minecraft:oak_leaves":4,"hexerei:willow_planks":5},"minecraft:used":{"hexerei:blood_bottle":1,"minecraft:wooden_axe":72,"hexerei:pestle_and_mortar":1,"minecraft:rotten_flesh":3,"hexerei:mahogany_planks":1,"minecraft:crafting_table":2,"alexsmobs:animal_dictionary":1,"hexerei:willow_planks":3}},"DataVersion":3465}