{"stats":{"minecraft:picked_up":{"mekanismtools:lapis_lazuli_chestplate":1,"minecraft:wheat":8,"minecraft:stripped_warped_hyphae":2,"minecraft:water_bucket":1,"mekanismtools:lapis_lazuli_helmet":1,"minecraft:acacia_wood":4,"minecraft:brick":34,"iceandfire:manuscript":14,"minecraft:dirt":3,"minecraft:string":2,"minecraft:lantern":7,"minecraft:item_frame":1,"minecraft:acacia_planks":1,"minecraft:smooth_stone":1,"minecraft:cobweb":10,"neapolitan:banana_bread":1,"minecraft:cyan_wool":3,"lightmanscurrency:coin_iron":4,"minecraft:sugar_cane":9,"iceandfire:pixie_dust":1,"minecraft:acacia_log":1,"minecraft:spruce_stairs":2,"minecraft:gravel":1,"mekanismtools:lapis_lazuli_boots":1,"minecraft:friend_pottery_sherd":24,"minecraft:cyan_bed":1,"minecraft:acacia_stairs":1,"alexsmobs:animal_dictionary":1,"minecraft:leather_helmet":1,"neapolitan:mint_ice_cream":1,"minecraft:orange_bed":1,"neapolitan:banana":64,"minecraft:rotten_flesh":10,"inka:zamponia":2,"minecraft:hay_block":26,"mekanismtools:lapis_lazuli_leggings":1,"minecraft:granite":10,"minecraft:emerald":1,"minecraft:bread":4,"born_in_chaos_v1:rotten_fish":1,"minecraft:acacia_slab":3,"minecraft:cod":1,"minecraft:coal":3,"minecraft:cobblestone":7},"minecraft:killed":{"minecraft:zombie_villager":1,"born_in_chaos_v1:zombie_fisherman":1,"minecraft:villager":1},"minecraft:dropped":{"minecraft:gravel":1,"inka:zamponia":1,"alexsmobs:animal_dictionary":1,"minecraft:bowl":1,"born_in_chaos_v1:rotten_fish":1,"minecraft:rotten_flesh":10,"minecraft:lantern":14,"minecraft:granite":10,"minecraft:acacia_stairs":1,"minecraft:leather_helmet":2,"minecraft:end_rod":11,"minecraft:acacia_slab":3,"neapolitan:banana_bread":1,"minecraft:leather_boots":1,"minecraft:gold_nugget":13,"minecraft:wooden_pickaxe":1,"minecraft:friend_pottery_sherd":24,"minecraft:brick":34},"minecraft:mined":{"iceandfire:pixie_jar_empty":1,"minecraft:granite":7,"minecraft:acacia_log":1,"minecraft:grass_block":4,"minecraft:decorated_pot":12,"minecraft:stripped_warped_hyphae":2,"minecraft:cyan_bed":1,"minecraft:sugar_cane":1,"minecraft:hay_block":26,"minecraft:spruce_stairs":2,"minecraft:cyan_wool":3,"minecraft:acacia_wood":4,"minecraft:grass":3,"minecraft:dirt_path":1,"minecraft:acacia_fence":1,"minecraft:dirt":4,"minecraft:cobweb":2,"minecraft:acacia_planks":1,"minecraft:stone":7,"lightmanscurrency:atm":1},"minecraft:custom":{"minecraft:mob_kills":3,"minecraft:interact_with_crafting_table":9,"minecraft:open_barrel":3,"minecraft:damage_dealt_resisted":180,"minecraft:leave_game":5,"minecraft:time_since_death":6448,"minecraft:climb_one_cm":3047,"minecraft:time_since_rest":6482,"minecraft:sprint_one_cm":52285,"minecraft:damage_taken":1669,"minecraft:walk_one_cm":54109,"minecraft:drop":23,"minecraft:damage_dealt":1228,"minecraft:swim_one_cm":8181,"minecraft:talked_to_villager":2,"minecraft:fly_one_cm":84514,"minecraft:open_chest":12,"minecraft:crouch_one_cm":5281,"minecraft:play_time":39714,"tombstone:undead_killed":2,"minecraft:deaths":1,"minecraft:sneak_time":2923,"minecraft:walk_under_water_one_cm":1113,"tombstone:villager_killed":1,"minecraft:jump":447,"minecraft:walk_on_water_one_cm":1361,"minecraft:total_world_time":39714,"minecraft:fall_one_cm":18219,"minecraft:horse_one_cm":4224},"minecraft:crafted":{"minecraft:sugar":9,"neapolitan:banana_bread":9,"minecraft:crafting_table":2,"minecraft:cyan_bed":1,"minecraft:wooden_pickaxe":1,"minecraft:bread":27,"minecraft:warped_planks":8,"minecraft:stick":8,"minecraft:acacia_planks":16,"minecraft:wheat":162},"minecraft:used":{"minecraft:end_rod":5,"minecraft:stone_sword":27,"mekanismtools:lapis_lazuli_helmet":1,"minecraft:wooden_pickaxe":2,"neapolitan:banana_bread":2,"minecraft:torch":1,"minecraft:dirt":2,"inka:coca":8,"minecraft:crafting_table":2,"inka:golden_mallet_inka":32,"minecraft:spruce_stairs":2,"neapolitan:banana":5,"minecraft:cod":5,"minecraft:warped_planks":1,"neapolitan:mint_ice_cream":1,"minecraft:bread":7,"minecraft:cyan_bed":1,"minecraft:item_frame":1,"minecraft:hay_block":8,"alexsmobs:animal_dictionary":4,"tombstone:gift":2,"minecraft:acacia_wood":1,"inka:tocosh":1}},"DataVersion":3465}