{"stats":{"minecraft:dropped":{"patchouli:guide_book":2,"minecraft:gold_ingot":3},"minecraft:used":{"minecraft:diorite":2,"minecraft:stone_pickaxe":29,"born_in_chaos_v1:intoxicating_decoction":2,"minecraft:blackstone":2,"minecraft:wooden_pickaxe":10,"vanillaplustools:stone_hammer":33,"minecraft:rotten_flesh":2,"minecraft:netherrack":41,"minecraft:crafting_table":3,"born_in_chaos_v1:corpse_maggot":4,"mekanismtools:iron_paxel":16,"aether:holy_sword":5,"minecraft:stone_axe":1,"minecraft:cobblestone":1,"minecraft:furnace":1,"alexsmobs:animal_dictionary":1,"alexscaves:caramel_apple":6,"regions_unexplored:spruce_shrub":1},"minecraft:custom":{"minecraft:interact_with_furnace":5,"minecraft:mob_kills":2,"minecraft:interact_with_crafting_table":6,"minecraft:leave_game":3,"minecraft:time_since_death":19210,"minecraft:time_since_rest":19210,"minecraft:sprint_one_cm":15828,"minecraft:damage_taken":638,"minecraft:walk_one_cm":31043,"minecraft:drop":3,"minecraft:damage_dealt":321,"minecraft:fly_one_cm":77947,"minecraft:crouch_one_cm":9862,"minecraft:play_time":19210,"minecraft:sneak_time":3493,"minecraft:walk_under_water_one_cm":189,"minecraft:jump":318,"minecraft:walk_on_water_one_cm":474,"minecraft:total_world_time":19210,"minecraft:fall_one_cm":7923},"minecraft:mined":{"minecraft:nether_gold_ore":9,"regions_unexplored:spruce_shrub":1,"minecraft:blackstone":2,"minecraft:crimson_nylium":10,"regions_unexplored:cobalt_webbing":2,"minecraft:nether_quartz_ore":5,"minecraft:copper_ore":10,"minecraft:spruce_leaves":2,"minecraft:diorite":37,"regions_unexplored:cobalt_log":1,"minecraft:magma_block":1,"minecraft:iron_ore":2,"minecraft:spruce_log":2,"minecraft:gold_block":16,"minecraft:oak_log":6,"minecraft:stone":165,"minecraft:netherrack":70,"minecraft:oak_leaves":7},"minecraft:picked_up":{"born_in_chaos_v1:corpse_maggot":4,"aether:holy_sword":1,"alexscaves:caramel_apple":64,"minecraft:gold_block":16,"minecraft:oak_log":6,"minecraft:raw_copper":34,"mekanismtools:iron_paxel":1,"regions_unexplored:spruce_shrub":1,"born_in_chaos_v1:intoxicating_decoction":4,"minecraft:blackstone":2,"aether:phoenix_helmet":1,"minecraft:gold_nugget":31,"aether:phoenix_leggings":1,"lightmanscurrency:coin_iron":3,"minecraft:stick":2,"minecraft:raw_iron":2,"aether:phoenix_boots":1,"patchouli:guide_book":2,"minecraft:quartz":5,"aether:phoenix_chestplate":1,"epicfight:skillbook":1,"minecraft:diorite":37,"aether:golden_gloves":1,"minecraft:spruce_log":2,"minecraft:arrow":2,"minecraft:rotten_flesh":3,"cataclysm:tidal_claws":1,"minecraft:netherrack":58,"regions_unexplored:cobalt_log":1,"minecraft:crimson_roots":1,"minecraft:cobblestone":165},"minecraft:killed":{"minecraft:piglin":1,"born_in_chaos_v1:corpse_fly":1},"minecraft:crafted":{"minecraft:oak_planks":24,"vanillaplustools:stone_hammer":1,"minecraft:crafting_table":3,"minecraft:spruce_planks":8,"minecraft:wooden_pickaxe":1,"minecraft:furnace":1,"minecraft:stone_axe":1,"minecraft:air":0,"minecraft:stick":32,"minecraft:iron_ingot":1,"minecraft:stone_pickaxe":10,"regions_unexplored:cobalt_planks":4,"minecraft:gold_ingot":147}},"DataVersion":3465}