{"stats":{"minecraft:dropped":{"minecraft:enchanted_book":2,"moblassos:hostile_lasso":1,"lightmanscurrency:coin_copper":9,"moblassos:golden_lasso":1,"minecraft:stick":8,"minecraft:cracked_polished_blackstone_bricks":3,"aether:phoenix_leggings":2,"minecraft:chain":1,"aether:phoenix_helmet":1,"minecraft:gold_nugget":7,"minecraft:gilded_blackstone":1,"minecraft:polished_blackstone_bricks":6,"sons_of_sins:flesh_of_demise":1,"minecraft:gold_ingot":3,"minecraft:stone_axe":1,"mynethersdelight:hoglin_loin":3,"minecraft:bowl":1,"epicfight:diamond_tachi":1,"alexsmobs:blobfish":1,"minecraft:rotten_flesh":15,"inka:coca":1,"aether:phoenix_chestplate":2,"minecraft:glowstone_dust":13,"moblassos:diamond_lasso":1,"patchouli:guide_book":2,"born_in_chaos_v1:corpse_maggot":2,"minecraft:arrow":2,"minecraft:quartz":10,"minecraft:netherrack":2,"epicfight:skillbook":1,"aether:phoenix_boots":1},"minecraft:used":{"born_in_chaos_v1:intoxicating_decoction":2,"vanillaplustools:stone_hammer":42,"minecraft:rotten_flesh":2,"minecraft:netherrack":57,"inka:coca":41,"minecraft:oak_wood":2,"minecraft:honey_bottle":2,"born_in_chaos_v1:corpse_maggot":4,"wom:diamond_staff":512,"aether:holy_sword":93,"epicfight:diamond_tachi":35,"minecraft:golden_carrot":3,"minecraft:furnace":1,"tombstone:gift":2,"alexscaves:caramel_apple":11,"regions_unexplored:spruce_shrub":1,"epicfight:skillbook":2,"minecraft:diorite":2,"minecraft:stone_pickaxe":29,"minecraft:blackstone":2,"minecraft:wooden_pickaxe":10,"minecraft:golden_apple":1,"minecraft:crafting_table":8,"moblassos:creative_lasso":2,"mekanismtools:iron_paxel":67,"minecraft:stone_axe":1,"minecraft:cobblestone":38,"minecraft:pumpkin_pie":2,"alexsmobs:animal_dictionary":1},"minecraft:custom":{"minecraft:mob_kills":47,"minecraft:interact_with_crafting_table":18,"minecraft:open_barrel":24,"minecraft:leave_game":3,"minecraft:time_since_death":7464,"minecraft:climb_one_cm":1162,"minecraft:sprint_one_cm":76766,"minecraft:walk_one_cm":142102,"minecraft:drop":40,"minecraft:play_time":67210,"minecraft:deaths":3,"minecraft:sneak_time":5050,"minecraft:walk_under_water_one_cm":8076,"minecraft:jump":1068,"minecraft:walk_on_water_one_cm":20322,"minecraft:total_world_time":67210,"minecraft:interact_with_furnace":6,"tombstone:raider_killed":11,"minecraft:time_since_rest":7489,"minecraft:damage_taken":12675,"minecraft:damage_absorbed":1498,"minecraft:damage_dealt":15985,"minecraft:swim_one_cm":34422,"minecraft:fly_one_cm":270934,"minecraft:open_chest":10,"minecraft:crouch_one_cm":14445,"tombstone:undead_killed":16,"minecraft:fall_one_cm":34931},"minecraft:broken":{"aether:golden_gloves":1},"minecraft:mined":{"minecraft:nether_gold_ore":9,"regions_unexplored:spruce_shrub":1,"minecraft:cracked_polished_blackstone_bricks":4,"minecraft:spruce_leaves":2,"minecraft:gilded_blackstone":2,"minecraft:spawner":4,"regions_unexplored:cobalt_log":1,"minecraft:polished_blackstone_bricks":21,"minecraft:magma_block":1,"minecraft:glowstone":27,"minecraft:furnace":1,"minecraft:iron_ore":2,"minecraft:gold_block":16,"regions_unexplored:medium_grass":1,"minecraft:stone":165,"minecraft:blackstone":8,"minecraft:crimson_nylium":10,"minecraft:crafting_table":4,"regions_unexplored:cobalt_webbing":2,"minecraft:nether_quartz_ore":5,"regions_unexplored:cobalt_roots":2,"minecraft:copper_ore":10,"minecraft:cobblestone":8,"minecraft:diorite":37,"minecraft:birch_planks":2,"regions_unexplored:hanging_earlight_plant":1,"minecraft:spruce_log":2,"minecraft:oak_log":6,"minecraft:stripped_birch_wood":2,"minecraft:netherrack":70,"minecraft:oak_leaves":7},"minecraft:picked_up":{"minecraft:crafting_table":4,"aether:holy_sword":1,"minecraft:enchanted_book":1,"minecraft:gold_block":16,"minecraft:gilded_blackstone":1,"minecraft:chain":1,"minecraft:string":3,"minecraft:raw_copper":34,"regions_unexplored:spruce_shrub":1,"born_in_chaos_v1:intoxicating_decoction":4,"minecraft:blackstone":8,"dungeonnowloading:spawner_fragment":12,"aether:phoenix_helmet":1,"iceandfire:dragonsteel_fire_helmet":1,"minecraft:gold_nugget":34,"born_in_chaos_v1:gnawed_bones":1,"aether:phoenix_leggings":2,"moblassos:creative_lasso":1,"minecraft:furnace":1,"minecraft:stick":16,"minecraft:raw_iron":2,"iceandfire:dragonbone":24,"epicfight:skillbook":5,"minecraft:polished_blackstone_bricks":21,"moblassos:golden_lasso":1,"aether:golden_gloves":1,"minecraft:diorite":37,"iceandfire:dragon_skull_ice":1,"iceandfire:dragonsteel_fire_leggings":1,"artifacts:snorkel":1,"minecraft:arrow":2,"minecraft:rotten_flesh":17,"minecraft:gold_ingot":11,"moblassos:diamond_lasso":1,"minecraft:stripped_birch_wood":2,"minecraft:cobblestone":173,"born_in_chaos_v1:fused_bone":2,"wom:diamond_staff":2,"born_in_chaos_v1:corpse_maggot":6,"minecraft:feather":2,"minecraft:leather":2,"alexscaves:caramel_apple":64,"minecraft:oak_log":6,"iceandfire:dragonsteel_fire_chestplate":1,"minecraft:gunpowder":19,"mekanismtools:iron_paxel":1,"inka:coca":68,"minecraft:bone":2,"minecraft:iron_ingot":14,"travelersbackpack:skeleton":1,"minecraft:glowstone_dust":77,"lightmanscurrency:coin_iron":18,"alexsmobs:blobfish":1,"moblassos:hostile_lasso":1,"aether:phoenix_boots":1,"patchouli:guide_book":2,"minecraft:quartz":10,"aether:phoenix_chestplate":2,"mynethersdelight:hoglin_loin":3,"minecraft:spruce_log":2,"minecraft:spruce_door":1,"sons_of_sins:flesh_of_demise":1,"lightmanscurrency:coin_copper":75,"minecraft:oak_wood":2,"cataclysm:tidal_claws":1,"iceandfire:dragonsteel_fire_boots":1,"lightmanscurrency:coin_gold":1,"minecraft:cracked_polished_blackstone_bricks":4,"regions_unexplored:cobalt_log":1,"minecraft:netherrack":59,"minecraft:crimson_roots":1,"minecraft:ender_pearl":1},"minecraft:killed":{"italianbrainrotsforzaken:tumtumsito":3,"born_in_chaos_v1:restless_spirit":1,"born_in_chaos_v1:siamese_skeletonsright":1,"born_in_chaos_v1:maggot":3,"italianbrainrotsforzaken:lirilito":1,"italianbrainrotsforzaken:capuchinitos":2,"illagerinvasion:inquisitor":10,"minecraft:piglin":1,"minecraft:parrot":1,"aquamirae:maw":1,"minecraft:hoglin":1,"born_in_chaos_v1:decrepit_skeleton":1,"italianbrainrotsforzaken:tralalerito":1,"minecraft:zombie":9,"sons_of_sins:betrayed_guzzler":1,"born_in_chaos_v1:dread_hound":1,"aquamirae:anglerfish":1,"born_in_chaos_v1:corpse_fly":1,"italianbrainrotsforzaken:tumtumsitochurro":1,"born_in_chaos_v1:siamese_skeletonsleft":1},"minecraft:crafted":{"minecraft:oak_planks":24,"vanillaplustools:stone_hammer":1,"minecraft:furnace":1,"lightmanscurrency:wallet_iron":1,"minecraft:stone_pickaxe":10,"regions_unexplored:cobalt_planks":4,"minecraft:dark_oak_planks":12,"minecraft:diamond_sword":1,"minecraft:crafting_table":4,"minecraft:spruce_planks":8,"minecraft:wooden_pickaxe":1,"lightmanscurrency:wallet_gold":1,"minecraft:gold_block":16,"minecraft:stone_axe":1,"minecraft:air":0,"lightmanscurrency:wallet_leather":1,"minecraft:stick":32,"minecraft:iron_ingot":2,"minecraft:iron_block":5,"minecraft:gold_ingot":147,"epicfight:diamond_tachi":1}},"DataVersion":3465}