{"stats":{"minecraft:mined":{"minecraft:crafting_table":2,"minecraft:grass":2,"minecraft:grass_block":1,"minecraft:oak_log":10,"minecraft:stone":6,"minecraft:oak_leaves":2},"minecraft:custom":{"minecraft:time_since_rest":664,"minecraft:sprint_one_cm":20825,"minecraft:damage_taken":901,"minecraft:walk_one_cm":11264,"minecraft:mob_kills":6,"minecraft:drop":4,"minecraft:damage_dealt":813,"minecraft:interact_with_crafting_table":5,"minecraft:swim_one_cm":25163,"minecraft:fly_one_cm":57564,"minecraft:crouch_one_cm":1949,"minecraft:play_time":10582,"minecraft:deaths":2,"minecraft:sneak_time":637,"minecraft:walk_under_water_one_cm":3131,"minecraft:jump":248,"minecraft:damage_dealt_resisted":2,"minecraft:walk_on_water_one_cm":7815,"minecraft:time_since_death":641,"minecraft:total_world_time":10582,"minecraft:fall_one_cm":9145},"minecraft:crafted":{"minecraft:oak_planks":40,"minecraft:crafting_table":1,"minecraft:stick":8,"minecraft:wooden_pickaxe":1,"minecraft:stone_pickaxe":1,"minecraft:wooden_axe":1,"minecraft:stone_axe":1},"minecraft:killed":{"alexsmobs:lobster":2,"inka:cuy":4},"minecraft:used":{"minecraft:wooden_axe":14,"inka:cuy_item":2,"alexsmobs:lobster_tail":2,"minecraft:stone_pickaxe":1,"minecraft:oak_planks":20,"minecraft:wooden_pickaxe":6,"minecraft:stone_axe":7,"minecraft:dirt":1,"minecraft:crafting_table":2,"tombstone:gift":1},"minecraft:picked_up":{"minecraft:crafting_table":2,"minecraft:wooden_pickaxe":2,"minecraft:oak_log":10,"minecraft:dirt":1,"minecraft:stone_axe":1,"alexsmobs:lobster_tail":2,"inka:cuy_item":3,"minecraft:cobblestone":6},"minecraft:dropped":{"minecraft:stone_axe":1,"minecraft:wooden_axe":1,"minecraft:wooden_pickaxe":2}},"DataVersion":3465}