{"stats":{"minecraft:custom":{"minecraft:interact_with_furnace":37,"minecraft:mob_kills":22,"tombstone:raider_killed":1,"minecraft:interact_with_crafting_table":24,"minecraft:damage_dealt_resisted":34,"minecraft:leave_game":2,"minecraft:time_since_death":391,"minecraft:climb_one_cm":3,"minecraft:time_since_rest":417,"minecraft:sprint_one_cm":57289,"minecraft:damage_taken":1909,"minecraft:walk_one_cm":56543,"minecraft:drop":12,"minecraft:damage_dealt":3492,"minecraft:swim_one_cm":31255,"minecraft:fly_one_cm":157394,"minecraft:play_time":35721,"minecraft:crouch_one_cm":6694,"tombstone:undead_killed":6,"minecraft:deaths":6,"minecraft:sneak_time":2553,"minecraft:walk_under_water_one_cm":11474,"minecraft:jump":653,"minecraft:walk_on_water_one_cm":22061,"minecraft:total_world_time":35721,"minecraft:fall_one_cm":18539},"minecraft:crafted":{"minecraft:oak_planks":56,"minecraft:crafting_table":2,"minecraft:wooden_pickaxe":2,"minecraft:furnace":1,"minecraft:bucket":1,"minecraft:stone_axe":1,"minecraft:air":0,"minecraft:iron_chestplate":1,"minecraft:iron_axe":1,"minecraft:stick":20,"minecraft:iron_ingot":22,"minecraft:iron_pickaxe":1,"minecraft:stone_pickaxe":2,"minecraft:wooden_axe":1,"butcher:butchers_knife":1,"wom:iron_staff":1},"minecraft:used":{"inka:cuy_item":2,"minecraft:stone_pickaxe":28,"butcher:butchers_knife":2,"minecraft:oak_planks":21,"minecraft:wooden_pickaxe":9,"minecraft:rotten_flesh":1,"minecraft:dirt":1,"minecraft:crafting_table":5,"minecraft:wooden_axe":14,"alexsmobs:lobster_tail":2,"minecraft:iron_axe":3,"minecraft:iron_pickaxe":83,"iceandfire:ghost_chest":1,"warleryshq:lifestone":2,"wom:iron_staff":134,"minecraft:stone_axe":7,"minecraft:cobblestone":1,"minecraft:furnace":2,"tombstone:gift":1},"minecraft:dropped":{"minecraft:stone_axe":1,"minecraft:rotten_flesh":8,"minecraft:iron_chestplate":2,"minecraft:wooden_axe":1,"minecraft:iron_axe":1,"minecraft:stone_pickaxe":2,"minecraft:wooden_pickaxe":3,"minecraft:bucket":1},"minecraft:picked_up":{"minecraft:crafting_table":5,"minecraft:iron_chestplate":1,"warleryshq:lifestone":8,"minecraft:feather":2,"minecraft:wooden_pickaxe":2,"aether:iron_gloves":1,"minecraft:enchanted_book":1,"minecraft:oak_log":14,"iceandfire:ectoplasm":4,"minecraft:dirt":1,"minecraft:raw_copper":15,"minecraft:white_banner":1,"minecraft:iron_axe":1,"minecraft:bone":5,"minecraft:stone_pickaxe":1,"minecraft:furnace":2,"minecraft:raw_iron":21,"iceandfire:ghost_chest":1,"minecraft:copper_ingot":1,"palladium:raw_lead":11,"tombstone:grave_dust":1,"mekanism:raw_osmium":4,"mekanism:raw_tin":3,"minecraft:arrow":1,"minecraft:rotten_flesh":9,"minecraft:stone_axe":1,"minecraft:emerald":2,"minecraft:cod":1,"iceandfire:raw_silver":3,"inka:cuy_item":5,"minecraft:iron_bars":2,"minecraft:coal":31,"minecraft:skeleton_skull":3,"alexsmobs:lobster_tail":3,"minecraft:cobblestone":31},"minecraft:mined":{"mekanism:osmium_ore":4,"iceandfire:silver_ore":3,"minecraft:crafting_table":5,"minecraft:grass_block":1,"iceandfire:ghost_chest":1,"mekanism:tin_ore":3,"minecraft:copper_ore":4,"palladium:lead_ore":12,"minecraft:skeleton_skull":2,"minecraft:large_fern":1,"minecraft:furnace":2,"minecraft:iron_ore":21,"minecraft:grass":2,"warleryshq:lifestone":8,"minecraft:oak_log":14,"minecraft:coal_ore":29,"minecraft:vine":1,"minecraft:iron_bars":2,"minecraft:stone":31,"minecraft:oak_leaves":3},"minecraft:killed":{"alexsmobs:lobster":3,"alexsmobs:seal":2,"minecraft:cod":1,"alexsmobs:seagull":1,"minecraft:pillager":1,"inka:cuy":5,"minecraft:zombie":1,"iceandfire:ghost":5,"born_in_chaos_v1:corpse_fish":1,"warleryshq:vorxquito_bf":1,"italianbrainrotsforzaken:capuchinitos":1}},"DataVersion":3465}