{"stats":{"minecraft:custom":{"minecraft:interact_with_furnace":37,"minecraft:mob_kills":18,"tombstone:raider_killed":1,"minecraft:interact_with_crafting_table":24,"minecraft:damage_dealt_resisted":34,"minecraft:leave_game":1,"minecraft:time_since_death":7103,"minecraft:climb_one_cm":3,"minecraft:time_since_rest":7127,"minecraft:sprint_one_cm":51870,"minecraft:damage_taken":1696,"minecraft:walk_one_cm":52942,"minecraft:drop":12,"minecraft:damage_dealt":3175,"minecraft:swim_one_cm":26855,"minecraft:fly_one_cm":138960,"minecraft:play_time":30518,"minecraft:crouch_one_cm":5527,"tombstone:undead_killed":6,"minecraft:deaths":5,"minecraft:sneak_time":1932,"minecraft:walk_under_water_one_cm":4708,"minecraft:jump":580,"minecraft:walk_on_water_one_cm":19663,"minecraft:total_world_time":30518,"minecraft:fall_one_cm":17448},"minecraft:crafted":{"minecraft:oak_planks":56,"minecraft:crafting_table":2,"minecraft:wooden_pickaxe":2,"minecraft:furnace":1,"minecraft:bucket":1,"minecraft:stone_axe":1,"minecraft:air":0,"minecraft:iron_chestplate":1,"minecraft:iron_axe":1,"minecraft:stick":20,"minecraft:iron_ingot":22,"minecraft:iron_pickaxe":1,"minecraft:stone_pickaxe":2,"minecraft:wooden_axe":1,"butcher:butchers_knife":1,"wom:iron_staff":1},"minecraft:used":{"inka:cuy_item":2,"minecraft:stone_pickaxe":28,"minecraft:oak_planks":21,"minecraft:wooden_pickaxe":9,"minecraft:rotten_flesh":1,"minecraft:dirt":1,"minecraft:crafting_table":5,"minecraft:wooden_axe":14,"alexsmobs:lobster_tail":2,"minecraft:iron_axe":3,"minecraft:iron_pickaxe":47,"iceandfire:ghost_chest":1,"warleryshq:lifestone":2,"wom:iron_staff":116,"minecraft:stone_axe":7,"minecraft:cobblestone":1,"minecraft:furnace":2,"tombstone:gift":1},"minecraft:dropped":{"minecraft:stone_axe":1,"minecraft:rotten_flesh":8,"minecraft:iron_chestplate":2,"minecraft:wooden_axe":1,"minecraft:iron_axe":1,"minecraft:stone_pickaxe":2,"minecraft:wooden_pickaxe":3,"minecraft:bucket":1},"minecraft:picked_up":{"minecraft:crafting_table":5,"minecraft:iron_chestplate":1,"warleryshq:lifestone":8,"minecraft:feather":2,"minecraft:wooden_pickaxe":2,"aether:iron_gloves":1,"minecraft:enchanted_book":1,"minecraft:oak_log":14,"iceandfire:ectoplasm":4,"minecraft:dirt":1,"minecraft:white_banner":1,"minecraft:iron_axe":1,"minecraft:bone":5,"minecraft:stone_pickaxe":1,"minecraft:furnace":2,"minecraft:raw_iron":21,"iceandfire:ghost_chest":1,"minecraft:copper_ingot":1,"palladium:raw_lead":3,"tombstone:grave_dust":1,"mekanism:raw_osmium":4,"minecraft:arrow":1,"minecraft:rotten_flesh":9,"minecraft:stone_axe":1,"minecraft:emerald":2,"inka:cuy_item":5,"minecraft:iron_bars":2,"minecraft:coal":15,"minecraft:skeleton_skull":3,"alexsmobs:lobster_tail":2,"minecraft:cobblestone":30},"minecraft:mined":{"mekanism:osmium_ore":4,"minecraft:crafting_table":5,"minecraft:grass_block":1,"iceandfire:ghost_chest":1,"palladium:lead_ore":4,"minecraft:skeleton_skull":2,"minecraft:large_fern":1,"minecraft:furnace":2,"minecraft:iron_ore":21,"minecraft:grass":2,"warleryshq:lifestone":8,"minecraft:oak_log":14,"minecraft:coal_ore":12,"minecraft:vine":1,"minecraft:iron_bars":2,"minecraft:stone":30,"minecraft:oak_leaves":3},"minecraft:killed":{"alexsmobs:lobster":2,"alexsmobs:seal":1,"alexsmobs:seagull":1,"minecraft:pillager":1,"inka:cuy":5,"minecraft:zombie":1,"iceandfire:ghost":5,"warleryshq:vorxquito_bf":1,"italianbrainrotsforzaken:capuchinitos":1}},"DataVersion":3465}