{"stats":{"minecraft:dropped":{"minecraft:stone_axe":1,"minecraft:wooden_pickaxe":1},"minecraft:used":{"minecraft:stone_pickaxe":79,"minecraft:wooden_pickaxe":20,"minecraft:gravel":1,"vanillaplustools:stone_hammer":9,"minecraft:stone_axe":2,"minecraft:crafting_table":3,"minecraft:furnace":2,"alexsmobs:animal_dictionary":2,"regions_unexplored:tall_blue_bioshroom":1},"minecraft:crafted":{"mekanismtools:osmium_axe":1,"regions_unexplored:blackwood_planks":4,"mekanismtools:osmium_paxel":1,"minecraft:cobblestone_slab":24,"vanillaplustools:stone_hammer":1,"minecraft:crafting_table":1,"mekanism:ingot_osmium":15,"minecraft:stick":36,"minecraft:wooden_pickaxe":1,"minecraft:stone_pickaxe":10,"mekanismtools:osmium_shovel":1,"mekanismtools:osmium_chestplate":1,"minecraft:furnace":2,"minecraft:dark_oak_planks":36,"minecraft:stone_axe":1,"minecraft:air":0,"mekanismtools:osmium_pickaxe":1},"minecraft:picked_up":{"minecraft:raw_iron":8,"minecraft:crafting_table":2,"regions_unexplored:tall_blue_bioshroom":1,"minecraft:gravel":7,"minecraft:flint":2,"minecraft:dark_oak_log":9,"mekanism:raw_osmium":15,"minecraft:raw_copper":37,"minecraft:shroomlight":3,"minecraft:wheat_seeds":1,"regions_unexplored:blackwood_log":1,"minecraft:coal":16,"minecraft:cobblestone":119},"minecraft:custom":{"minecraft:time_since_rest":14423,"minecraft:interact_with_furnace":15,"minecraft:sprint_one_cm":14397,"minecraft:damage_taken":30,"minecraft:walk_one_cm":8414,"minecraft:drop":2,"minecraft:interact_with_crafting_table":8,"minecraft:fly_one_cm":27158,"minecraft:crouch_one_cm":5598,"minecraft:play_time":14423,"minecraft:sneak_time":2520,"minecraft:jump":144,"minecraft:leave_game":3,"minecraft:time_since_death":14423,"minecraft:total_world_time":14423,"minecraft:fall_one_cm":2986},"minecraft:mined":{"minecraft:large_fern":1,"mekanism:osmium_ore":15,"minecraft:dark_oak_leaves":3,"minecraft:iron_ore":8,"minecraft:dark_oak_log":9,"minecraft:crafting_table":2,"minecraft:coal_ore":16,"minecraft:shroomlight":3,"minecraft:gravel":9,"minecraft:tall_grass":1,"minecraft:copper_ore":10,"minecraft:stone":119,"regions_unexplored:blue_bioshroom_block":2}},"DataVersion":3465}