{"stats":{"minecraft:dropped":{"moblassos:hostile_lasso":1,"minecraft:stone_axe":1,"lightmanscurrency:coin_copper":9,"mynethersdelight:hoglin_loin":3,"alexsmobs:blobfish":1,"minecraft:rotten_flesh":3,"inka:coca":1,"moblassos:diamond_lasso":1,"moblassos:golden_lasso":1,"patchouli:guide_book":2,"minecraft:stick":8,"minecraft:cracked_polished_blackstone_bricks":3,"minecraft:gold_nugget":7,"minecraft:gilded_blackstone":1,"minecraft:polished_blackstone_bricks":6,"minecraft:quartz":5,"minecraft:netherrack":2,"minecraft:gold_ingot":3},"minecraft:used":{"minecraft:diorite":2,"minecraft:stone_pickaxe":29,"born_in_chaos_v1:intoxicating_decoction":2,"minecraft:blackstone":2,"minecraft:wooden_pickaxe":10,"vanillaplustools:stone_hammer":42,"minecraft:rotten_flesh":2,"minecraft:netherrack":57,"inka:coca":12,"minecraft:crafting_table":5,"moblassos:creative_lasso":2,"born_in_chaos_v1:corpse_maggot":4,"mekanismtools:iron_paxel":57,"aether:holy_sword":52,"minecraft:stone_axe":1,"minecraft:golden_carrot":1,"minecraft:cobblestone":25,"minecraft:furnace":1,"alexsmobs:animal_dictionary":1,"alexscaves:caramel_apple":11,"regions_unexplored:spruce_shrub":1},"minecraft:custom":{"minecraft:interact_with_furnace":6,"minecraft:mob_kills":16,"minecraft:interact_with_crafting_table":10,"minecraft:open_barrel":21,"minecraft:leave_game":3,"minecraft:time_since_death":43210,"minecraft:climb_one_cm":244,"minecraft:time_since_rest":43210,"minecraft:damage_absorbed":247,"minecraft:sprint_one_cm":45374,"minecraft:damage_taken":1670,"minecraft:walk_one_cm":73416,"minecraft:drop":21,"minecraft:damage_dealt":2490,"minecraft:swim_one_cm":31279,"minecraft:fly_one_cm":156407,"minecraft:open_chest":8,"minecraft:crouch_one_cm":14047,"minecraft:play_time":43210,"tombstone:undead_killed":3,"minecraft:sneak_time":4907,"minecraft:walk_under_water_one_cm":2413,"minecraft:jump":685,"minecraft:walk_on_water_one_cm":2055,"minecraft:total_world_time":43210,"minecraft:fall_one_cm":22983},"minecraft:broken":{"aether:golden_gloves":1},"minecraft:mined":{"minecraft:nether_gold_ore":9,"regions_unexplored:spruce_shrub":1,"minecraft:blackstone":8,"minecraft:crimson_nylium":10,"minecraft:crafting_table":2,"regions_unexplored:cobalt_webbing":2,"minecraft:cracked_polished_blackstone_bricks":4,"regions_unexplored:cobalt_roots":2,"minecraft:nether_quartz_ore":5,"minecraft:copper_ore":10,"minecraft:cobblestone":8,"minecraft:spruce_leaves":2,"minecraft:diorite":37,"minecraft:gilded_blackstone":2,"minecraft:spawner":3,"regions_unexplored:cobalt_log":1,"minecraft:birch_planks":2,"minecraft:polished_blackstone_bricks":21,"minecraft:magma_block":1,"minecraft:glowstone":27,"minecraft:furnace":1,"minecraft:iron_ore":2,"regions_unexplored:hanging_earlight_plant":1,"minecraft:spruce_log":2,"minecraft:gold_block":16,"minecraft:oak_log":6,"minecraft:stripped_birch_wood":2,"minecraft:stone":165,"minecraft:netherrack":70,"minecraft:oak_leaves":7},"minecraft:picked_up":{"born_in_chaos_v1:corpse_maggot":4,"minecraft:crafting_table":2,"minecraft:feather":2,"aether:holy_sword":1,"alexscaves:caramel_apple":64,"minecraft:gold_block":16,"minecraft:gilded_blackstone":1,"minecraft:oak_log":6,"minecraft:gunpowder":19,"inka:coca":68,"minecraft:raw_copper":34,"mekanismtools:iron_paxel":1,"regions_unexplored:spruce_shrub":1,"born_in_chaos_v1:intoxicating_decoction":4,"dungeonnowloading:spawner_fragment":12,"minecraft:blackstone":8,"aether:phoenix_helmet":1,"minecraft:gold_nugget":34,"minecraft:iron_ingot":4,"aether:phoenix_leggings":1,"alexsmobs:blobfish":1,"minecraft:glowstone_dust":77,"moblassos:creative_lasso":1,"lightmanscurrency:coin_iron":11,"moblassos:hostile_lasso":1,"minecraft:furnace":1,"minecraft:stick":16,"minecraft:raw_iron":2,"aether:phoenix_boots":1,"patchouli:guide_book":2,"minecraft:quartz":10,"aether:phoenix_chestplate":1,"mynethersdelight:hoglin_loin":3,"epicfight:skillbook":2,"minecraft:polished_blackstone_bricks":21,"moblassos:golden_lasso":1,"minecraft:diorite":37,"aether:golden_gloves":1,"minecraft:spruce_log":2,"artifacts:snorkel":1,"lightmanscurrency:coin_copper":31,"minecraft:arrow":2,"minecraft:rotten_flesh":5,"cataclysm:tidal_claws":1,"minecraft:cracked_polished_blackstone_bricks":4,"minecraft:gold_ingot":3,"minecraft:stripped_birch_wood":2,"moblassos:diamond_lasso":1,"minecraft:netherrack":59,"regions_unexplored:cobalt_log":1,"minecraft:crimson_roots":1,"minecraft:cobblestone":173},"minecraft:killed":{"minecraft:parrot":1,"minecraft:piglin":1,"italianbrainrotsforzaken:tumtumsito":3,"minecraft:hoglin":1,"born_in_chaos_v1:maggot":1,"italianbrainrotsforzaken:lirilito":1,"italianbrainrotsforzaken:tralalerito":1,"minecraft:zombie":3,"born_in_chaos_v1:corpse_fly":1,"italianbrainrotsforzaken:tumtumsitochurro":1,"italianbrainrotsforzaken:capuchinitos":2},"minecraft:crafted":{"minecraft:oak_planks":24,"minecraft:diamond_sword":1,"vanillaplustools:stone_hammer":1,"minecraft:crafting_table":3,"minecraft:spruce_planks":8,"minecraft:wooden_pickaxe":1,"minecraft:furnace":1,"minecraft:stone_axe":1,"minecraft:air":0,"minecraft:stick":32,"minecraft:iron_ingot":2,"minecraft:stone_pickaxe":10,"minecraft:iron_block":3,"regions_unexplored:cobalt_planks":4,"minecraft:gold_ingot":147}},"DataVersion":3465}