{"stats":{"minecraft:dropped":{"minecraft:enchanted_book":2,"moblassos:hostile_lasso":1,"born_in_chaos_v1:intoxicating_decoction":2,"lightmanscurrency:coin_copper":9,"moblassos:golden_lasso":1,"wom:diamond_staff":1,"minecraft:stick":8,"born_in_chaos_v1:monster_flesh":3,"minecraft:cracked_polished_blackstone_bricks":3,"born_in_chaos_v1:gnawed_bones":1,"iceandfire:dragonsteel_fire_leggings":1,"aether:phoenix_leggings":2,"block_factorys_bosses:frozen_fist":1,"minecraft:chain":1,"aether:phoenix_helmet":1,"minecraft:gold_nugget":7,"minecraft:gilded_blackstone":1,"minecraft:polished_blackstone_bricks":6,"iceandfire:dragonsteel_fire_boots":1,"sons_of_sins:flesh_of_demise":1,"minecraft:gold_ingot":3,"minecraft:stone_axe":1,"mynethersdelight:hoglin_loin":3,"minecraft:bowl":1,"minecraft:rotten_flesh":18,"epicfight:diamond_tachi":1,"alexsmobs:blobfish":1,"inka:coca":8,"iceandfire:dragonsteel_fire_chestplate":1,"aether:phoenix_chestplate":2,"minecraft:glowstone_dust":13,"moblassos:diamond_lasso":1,"patchouli:guide_book":2,"iceandfire:dragonsteel_fire_helmet":1,"born_in_chaos_v1:corpse_maggot":3,"minecraft:arrow":2,"minecraft:quartz":10,"minecraft:netherrack":2,"epicfight:skillbook":1,"aether:phoenix_boots":1},"minecraft:used":{"travelersbackpack:skeleton":1,"iceandfire:dragon_skull_ice":1,"born_in_chaos_v1:intoxicating_decoction":2,"vanillaplustools:stone_hammer":42,"minecraft:rotten_flesh":2,"minecraft:netherrack":57,"inka:coca":55,"block_factorys_bosses:frozen_fist":1,"minecraft:oak_wood":2,"minecraft:honey_bottle":2,"born_in_chaos_v1:corpse_maggot":4,"wom:diamond_staff":726,"aether:holy_sword":93,"epicfight:diamond_tachi":35,"minecraft:golden_carrot":3,"minecraft:furnace":1,"tombstone:gift":2,"alexscaves:caramel_apple":11,"regions_unexplored:spruce_shrub":1,"epicfight:skillbook":2,"minecraft:diorite":2,"minecraft:stone_pickaxe":29,"minecraft:blackstone":2,"minecraft:wooden_pickaxe":10,"minecraft:golden_apple":1,"minecraft:crafting_table":8,"moblassos:creative_lasso":2,"mekanismtools:iron_paxel":67,"minecraft:stone_axe":1,"minecraft:cobblestone":38,"minecraft:pumpkin_pie":2,"alexsmobs:animal_dictionary":1},"minecraft:custom":{"minecraft:mob_kills":65,"minecraft:interact_with_crafting_table":18,"minecraft:open_barrel":24,"minecraft:damage_dealt_resisted":965,"minecraft:leave_game":4,"minecraft:time_since_death":19213,"minecraft:climb_one_cm":1478,"minecraft:sprint_one_cm":102565,"minecraft:walk_one_cm":178702,"minecraft:damage_blocked_by_shield":27,"minecraft:drop":58,"minecraft:play_time":78959,"minecraft:deaths":3,"minecraft:sneak_time":5051,"minecraft:walk_under_water_one_cm":8076,"minecraft:jump":1354,"minecraft:walk_on_water_one_cm":20322,"minecraft:total_world_time":78959,"minecraft:interact_with_furnace":6,"tombstone:raider_killed":11,"minecraft:time_since_rest":19238,"minecraft:damage_taken":15242,"minecraft:damage_absorbed":2006,"minecraft:damage_dealt":19542,"minecraft:swim_one_cm":34422,"minecraft:fly_one_cm":362318,"minecraft:open_chest":10,"minecraft:crouch_one_cm":14464,"tombstone:undead_killed":24,"minecraft:fall_one_cm":39213},"minecraft:broken":{"aether:golden_gloves":1},"minecraft:mined":{"minecraft:nether_gold_ore":9,"regions_unexplored:spruce_shrub":1,"minecraft:cracked_polished_blackstone_bricks":4,"minecraft:spruce_leaves":2,"minecraft:gilded_blackstone":2,"minecraft:spawner":4,"regions_unexplored:cobalt_log":1,"minecraft:polished_blackstone_bricks":21,"minecraft:magma_block":1,"minecraft:glowstone":27,"minecraft:furnace":1,"minecraft:iron_ore":2,"minecraft:gold_block":16,"regions_unexplored:medium_grass":1,"minecraft:stone":165,"minecraft:blackstone":8,"minecraft:crimson_nylium":10,"minecraft:crafting_table":4,"regions_unexplored:cobalt_webbing":2,"minecraft:nether_quartz_ore":5,"regions_unexplored:cobalt_roots":2,"minecraft:copper_ore":10,"minecraft:cobblestone":8,"minecraft:diorite":37,"minecraft:birch_planks":2,"regions_unexplored:hanging_earlight_plant":1,"minecraft:spruce_log":2,"minecraft:black_bed":1,"minecraft:oak_log":6,"minecraft:stripped_birch_wood":2,"minecraft:netherrack":70,"minecraft:oak_leaves":7},"minecraft:picked_up":{"minecraft:crafting_table":4,"aether:holy_sword":1,"minecraft:gold_block":16,"minecraft:enchanted_book":1,"minecraft:gilded_blackstone":1,"minecraft:chain":1,"iceandfire:dragonsteel_lightning_boots":1,"minecraft:string":3,"minecraft:raw_copper":34,"regions_unexplored:spruce_shrub":1,"born_in_chaos_v1:intoxicating_decoction":6,"minecraft:blackstone":8,"dungeonnowloading:spawner_fragment":12,"iceandfire:dragonsteel_lightning_helmet":1,"aether:phoenix_helmet":1,"iceandfire:dragonsteel_fire_helmet":1,"minecraft:gold_nugget":34,"minecraft:bucket":1,"born_in_chaos_v1:gnawed_bones":1,"aether:phoenix_leggings":2,"moblassos:creative_lasso":1,"minecraft:furnace":1,"minecraft:stick":16,"minecraft:raw_iron":2,"iceandfire:dragonbone":24,"epicfight:skillbook":5,"minecraft:polished_blackstone_bricks":21,"iceandfire:dragonsteel_lightning_chestplate":1,"moblassos:golden_lasso":1,"minecraft:diorite":37,"aether:golden_gloves":1,"iceandfire:dragon_skull_ice":1,"iceandfire:dragonsteel_fire_leggings":1,"artifacts:snorkel":1,"minecraft:arrow":2,"minecraft:rotten_flesh":22,"minecraft:gold_ingot":11,"moblassos:diamond_lasso":1,"minecraft:stripped_birch_wood":2,"minecraft:cobblestone":173,"born_in_chaos_v1:fused_bone":4,"wom:diamond_staff":3,"born_in_chaos_v1:corpse_maggot":7,"minecraft:feather":2,"born_in_chaos_v1:monster_flesh":3,"minecraft:black_bed":1,"minecraft:leather":2,"alexscaves:caramel_apple":64,"minecraft:oak_log":6,"iceandfire:dragonsteel_fire_chestplate":1,"minecraft:gunpowder":19,"iceandfire:dragonsteel_lightning_leggings":1,"mekanismtools:iron_paxel":1,"inka:coca":133,"born_in_chaos_v1:monster_skin":1,"minecraft:bone":2,"minecraft:iron_ingot":14,"travelersbackpack:skeleton":1,"minecraft:glowstone_dust":77,"alexsmobs:blobfish":1,"lightmanscurrency:coin_iron":18,"moblassos:hostile_lasso":1,"aether:phoenix_boots":1,"patchouli:guide_book":2,"minecraft:quartz":10,"aether:phoenix_chestplate":2,"minecraft:poisonous_potato":1,"mynethersdelight:hoglin_loin":3,"block_factorys_bosses:frozen_fist":2,"minecraft:spruce_log":2,"minecraft:spruce_door":1,"sons_of_sins:flesh_of_demise":1,"lightmanscurrency:coin_copper":75,"minecraft:oak_wood":2,"cataclysm:tidal_claws":1,"iceandfire:dragonsteel_fire_boots":1,"lightmanscurrency:coin_gold":1,"minecraft:cracked_polished_blackstone_bricks":4,"regions_unexplored:cobalt_log":1,"minecraft:netherrack":59,"minecraft:crimson_roots":1,"minecraft:ender_pearl":1},"minecraft:crafted":{"minecraft:oak_planks":24,"vanillaplustools:stone_hammer":1,"minecraft:furnace":1,"lightmanscurrency:wallet_iron":1,"minecraft:stone_pickaxe":10,"regions_unexplored:cobalt_planks":4,"minecraft:dark_oak_planks":12,"minecraft:diamond_sword":1,"minecraft:crafting_table":4,"minecraft:spruce_planks":8,"minecraft:wooden_pickaxe":1,"lightmanscurrency:wallet_gold":1,"minecraft:gold_block":16,"minecraft:stone_axe":1,"minecraft:air":0,"lightmanscurrency:wallet_leather":1,"minecraft:stick":32,"minecraft:iron_ingot":2,"minecraft:iron_block":5,"minecraft:gold_ingot":147,"epicfight:diamond_tachi":1},"minecraft:killed":{"born_in_chaos_v1:zombie_clown":1,"italianbrainrotsforzaken:tumtumsito":3,"born_in_chaos_v1:restless_spirit":1,"minecraft:spider":1,"born_in_chaos_v1:siamese_skeletonsright":1,"creeperoverhaul:snowy_creeper":1,"born_in_chaos_v1:maggot":5,"italianbrainrotsforzaken:lirilito":1,"italianbrainrotsforzaken:capuchinitos":2,"illagerinvasion:inquisitor":10,"minecraft:piglin":1,"minecraft:parrot":1,"aquamirae:maw":1,"minecraft:hoglin":1,"born_in_chaos_v1:decrepit_skeleton":1,"italianbrainrotsforzaken:tralalerito":1,"minecraft:zombie":14,"sons_of_sins:betrayed_guzzler":1,"born_in_chaos_v1:dread_hound":4,"aquamirae:anglerfish":1,"born_in_chaos_v1:corpse_fly":1,"italianbrainrotsforzaken:tumtumsitochurro":1,"born_in_chaos_v1:door_knight":1,"born_in_chaos_v1:siamese_skeletonsleft":1}},"DataVersion":3465}