{"stats":{"minecraft:picked_up":{"mekanismtools:lapis_lazuli_chestplate":1,"minecraft:stripped_warped_hyphae":2,"minecraft:spruce_stairs":2,"mekanismtools:lapis_lazuli_boots":1,"minecraft:cyan_bed":1,"minecraft:string":2,"alexsmobs:animal_dictionary":1,"minecraft:dirt":3,"neapolitan:mint_ice_cream":1,"minecraft:rotten_flesh":1,"minecraft:hay_block":19,"mekanismtools:lapis_lazuli_leggings":1,"minecraft:cyan_wool":3,"minecraft:bread":4,"born_in_chaos_v1:rotten_fish":1,"minecraft:cod":1},"minecraft:killed":{"born_in_chaos_v1:zombie_fisherman":1},"minecraft:dropped":{"alexsmobs:animal_dictionary":1,"minecraft:bowl":1},"minecraft:mined":{"minecraft:hay_block":19,"minecraft:spruce_stairs":2,"minecraft:cyan_wool":3,"minecraft:grass":2,"minecraft:grass_block":3,"minecraft:cobweb":2,"minecraft:stripped_warped_hyphae":2,"minecraft:cyan_bed":1},"minecraft:crafted":{"minecraft:warped_planks":8,"minecraft:crafting_table":1,"minecraft:cyan_bed":1,"minecraft:bread":6,"minecraft:wheat":18},"minecraft:custom":{"minecraft:time_since_rest":17265,"minecraft:sprint_one_cm":15471,"minecraft:damage_taken":773,"minecraft:walk_one_cm":23746,"minecraft:mob_kills":1,"minecraft:drop":2,"minecraft:damage_dealt":633,"minecraft:swim_one_cm":1810,"minecraft:interact_with_crafting_table":3,"minecraft:fly_one_cm":31906,"minecraft:open_barrel":3,"minecraft:open_chest":2,"minecraft:crouch_one_cm":3228,"minecraft:play_time":17265,"tombstone:undead_killed":1,"minecraft:sneak_time":1451,"minecraft:walk_under_water_one_cm":471,"minecraft:damage_dealt_resisted":180,"minecraft:jump":167,"minecraft:walk_on_water_one_cm":272,"minecraft:leave_game":2,"minecraft:time_since_death":17265,"minecraft:climb_one_cm":746,"minecraft:total_world_time":17265,"minecraft:fall_one_cm":6387,"minecraft:horse_one_cm":4224},"minecraft:used":{"neapolitan:mint_ice_cream":1,"minecraft:stone_sword":17,"minecraft:bread":6,"minecraft:cyan_bed":1,"minecraft:dirt":1,"minecraft:hay_block":8,"minecraft:crafting_table":1,"minecraft:spruce_stairs":2,"minecraft:cod":4,"alexsmobs:animal_dictionary":4}},"DataVersion":3465}