{"stats":{"minecraft:dropped":{"minecraft:stone_axe":1,"minecraft:wheat_seeds":1,"minecraft:wooden_pickaxe":1},"minecraft:used":{"mekanismtools:osmium_paxel":163,"minecraft:stone_pickaxe":79,"minecraft:wooden_pickaxe":20,"minecraft:iron_sword":18,"vanillaplustools:stone_hammer":24,"minecraft:stone_hoe":6,"minecraft:crafting_table":5,"minecraft:gravel":7,"minecraft:stone_axe":2,"minecraft:dark_oak_boat":1,"minecraft:furnace":2,"alexsmobs:animal_dictionary":2,"regions_unexplored:tall_blue_bioshroom":1,"vinery:red_grape":12},"minecraft:crafted":{"regions_unexplored:blackwood_planks":4,"mekanismtools:osmium_paxel":1,"minecraft:cobblestone_slab":24,"vanillaplustools:stone_hammer":1,"minecraft:dark_oak_boat":1,"minecraft:crafting_table":1,"mekanism:ingot_osmium":15,"minecraft:wooden_pickaxe":1,"mekanismtools:osmium_shovel":1,"minecraft:iron_sword":1,"mekanismtools:osmium_chestplate":1,"minecraft:furnace":2,"minecraft:stone_axe":1,"minecraft:air":0,"mekanismtools:osmium_axe":1,"minecraft:iron_boots":1,"minecraft:stick":36,"minecraft:iron_ingot":8,"minecraft:stone_pickaxe":10,"minecraft:dark_oak_planks":36,"minecraft:stone_hoe":1,"mekanismtools:osmium_pickaxe":1},"minecraft:custom":{"minecraft:interact_with_furnace":20,"minecraft:mob_kills":3,"minecraft:interact_with_crafting_table":12,"minecraft:leave_game":3,"minecraft:time_since_death":14826,"minecraft:time_since_rest":14850,"minecraft:sprint_one_cm":75997,"minecraft:damage_taken":458,"minecraft:walk_one_cm":23594,"minecraft:drop":3,"minecraft:damage_dealt":1146,"minecraft:talked_to_villager":4,"minecraft:fly_one_cm":93417,"minecraft:swim_one_cm":45724,"minecraft:open_chest":1,"minecraft:crouch_one_cm":6706,"minecraft:play_time":32423,"tombstone:undead_killed":1,"minecraft:deaths":1,"minecraft:sneak_time":3724,"minecraft:walk_under_water_one_cm":13066,"minecraft:boat_one_cm":125848,"minecraft:jump":410,"minecraft:walk_on_water_one_cm":3743,"minecraft:total_world_time":32423,"minecraft:fall_one_cm":8654,"minecraft:horse_one_cm":1293},"minecraft:picked_up":{"minecraft:crafting_table":5,"vinery:red_grape":15,"minecraft:brown_mushroom":12,"minecraft:red_mushroom":30,"minecraft:flint":2,"minecraft:gunpowder":2,"minecraft:raw_copper":40,"minecraft:shroomlight":3,"minecraft:wheat_seeds":1,"lightmanscurrency:coin_iron":5,"regions_unexplored:blackwood_log":1,"minecraft:furnace":2,"minecraft:raw_iron":8,"regions_unexplored:tall_blue_bioshroom":1,"alexscaves:thornwood_boat":1,"minecraft:gravel":13,"mekanism:raw_osmium":15,"minecraft:dark_oak_log":9,"mekanism:raw_tin":4,"lightmanscurrency:coin_copper":6,"minecraft:coal":55,"iceandfire:raw_silver":1,"minecraft:cobblestone":161},"minecraft:killed":{"alexsmobs:seagull":1,"minecraft:creeper":1,"minecraft:zombie":1},"minecraft:mined":{"mekanism:osmium_ore":15,"iceandfire:silver_ore":1,"minecraft:dark_oak_leaves":3,"minecraft:dark_oak_log":9,"minecraft:crafting_table":5,"mekanism:tin_ore":4,"minecraft:mushroom_stem":23,"minecraft:brown_mushroom_block":45,"minecraft:copper_ore":11,"minecraft:tall_grass":1,"regions_unexplored:blue_bioshroom_block":2,"minecraft:large_fern":1,"minecraft:furnace":2,"minecraft:iron_ore":8,"minecraft:coal_ore":43,"minecraft:shroomlight":3,"minecraft:gravel":15,"minecraft:red_mushroom_block":90,"minecraft:stone":165,"minecraft:oak_leaves":2}},"DataVersion":3465}