{"stats":{"minecraft:dropped":{"patchouli:guide_book":2},"minecraft:used":{"born_in_chaos_v1:corpse_maggot":4,"minecraft:diorite":2,"minecraft:stone_pickaxe":24,"born_in_chaos_v1:intoxicating_decoction":2,"minecraft:wooden_pickaxe":10,"vanillaplustools:stone_hammer":21,"minecraft:rotten_flesh":2,"minecraft:cobblestone":1,"minecraft:crafting_table":1,"alexsmobs:animal_dictionary":1,"alexscaves:caramel_apple":4,"regions_unexplored:spruce_shrub":1},"minecraft:custom":{"minecraft:time_since_rest":12129,"minecraft:sprint_one_cm":13099,"minecraft:damage_taken":354,"minecraft:walk_one_cm":17671,"minecraft:mob_kills":1,"minecraft:drop":2,"minecraft:damage_dealt":171,"minecraft:interact_with_crafting_table":3,"minecraft:fly_one_cm":60439,"minecraft:crouch_one_cm":4448,"minecraft:play_time":12129,"minecraft:sneak_time":1764,"minecraft:walk_under_water_one_cm":189,"minecraft:jump":252,"minecraft:walk_on_water_one_cm":474,"minecraft:leave_game":2,"minecraft:time_since_death":12129,"minecraft:total_world_time":12129,"minecraft:fall_one_cm":4549},"minecraft:mined":{"regions_unexplored:spruce_shrub":1,"minecraft:iron_ore":2,"minecraft:spruce_log":2,"minecraft:oak_log":6,"minecraft:copper_ore":10,"minecraft:spruce_leaves":2,"minecraft:stone":165,"minecraft:diorite":37,"minecraft:oak_leaves":7},"minecraft:picked_up":{"minecraft:stick":2,"born_in_chaos_v1:corpse_maggot":4,"minecraft:raw_iron":2,"aether:phoenix_boots":1,"patchouli:guide_book":2,"aether:holy_sword":1,"alexscaves:caramel_apple":64,"aether:phoenix_chestplate":1,"minecraft:oak_log":6,"minecraft:diorite":37,"minecraft:spruce_log":2,"minecraft:raw_copper":34,"regions_unexplored:spruce_shrub":1,"born_in_chaos_v1:intoxicating_decoction":4,"minecraft:rotten_flesh":3,"aether:phoenix_helmet":1,"aether:phoenix_leggings":1,"minecraft:cobblestone":165},"minecraft:killed":{"born_in_chaos_v1:corpse_fly":1},"minecraft:crafted":{"minecraft:oak_planks":24,"vanillaplustools:stone_hammer":1,"minecraft:crafting_table":1,"minecraft:stick":32,"minecraft:wooden_pickaxe":1,"minecraft:stone_pickaxe":10,"minecraft:stone_axe":1}},"DataVersion":3465}