{"stats":{"minecraft:dropped":{"mynethersdelight:hoglin_loin":3,"inka:coca":1,"patchouli:guide_book":2,"minecraft:cracked_polished_blackstone_bricks":3,"minecraft:polished_blackstone_bricks":6,"minecraft:quartz":5,"minecraft:gold_ingot":3},"minecraft:used":{"minecraft:diorite":2,"minecraft:stone_pickaxe":29,"born_in_chaos_v1:intoxicating_decoction":2,"minecraft:blackstone":2,"minecraft:wooden_pickaxe":10,"vanillaplustools:stone_hammer":35,"minecraft:rotten_flesh":2,"minecraft:netherrack":57,"inka:coca":11,"minecraft:crafting_table":4,"born_in_chaos_v1:corpse_maggot":4,"mekanismtools:iron_paxel":43,"aether:holy_sword":21,"minecraft:stone_axe":1,"minecraft:cobblestone":10,"minecraft:furnace":1,"alexsmobs:animal_dictionary":1,"alexscaves:caramel_apple":11,"regions_unexplored:spruce_shrub":1},"minecraft:custom":{"minecraft:interact_with_furnace":6,"minecraft:mob_kills":6,"minecraft:interact_with_crafting_table":8,"minecraft:leave_game":3,"minecraft:time_since_death":31210,"minecraft:climb_one_cm":244,"minecraft:time_since_rest":31210,"minecraft:damage_absorbed":247,"minecraft:sprint_one_cm":33042,"minecraft:damage_taken":1494,"minecraft:walk_one_cm":55205,"minecraft:drop":8,"minecraft:damage_dealt":1082,"minecraft:fly_one_cm":134537,"minecraft:open_chest":5,"minecraft:crouch_one_cm":12905,"minecraft:play_time":31210,"minecraft:sneak_time":4508,"minecraft:walk_under_water_one_cm":189,"minecraft:jump":558,"minecraft:walk_on_water_one_cm":474,"minecraft:total_world_time":31210,"minecraft:fall_one_cm":20624},"minecraft:mined":{"minecraft:nether_gold_ore":9,"regions_unexplored:spruce_shrub":1,"minecraft:blackstone":8,"minecraft:crimson_nylium":10,"minecraft:crafting_table":2,"regions_unexplored:cobalt_webbing":2,"minecraft:cracked_polished_blackstone_bricks":4,"minecraft:nether_quartz_ore":5,"minecraft:copper_ore":10,"minecraft:cobblestone":8,"minecraft:spruce_leaves":2,"minecraft:diorite":37,"minecraft:gilded_blackstone":2,"regions_unexplored:cobalt_log":1,"minecraft:polished_blackstone_bricks":21,"minecraft:magma_block":1,"minecraft:furnace":1,"minecraft:iron_ore":2,"minecraft:spruce_log":2,"minecraft:gold_block":16,"minecraft:oak_log":6,"minecraft:stone":165,"minecraft:netherrack":70,"minecraft:oak_leaves":7},"minecraft:picked_up":{"born_in_chaos_v1:corpse_maggot":4,"minecraft:crafting_table":2,"aether:holy_sword":1,"alexscaves:caramel_apple":64,"minecraft:gold_block":16,"minecraft:gilded_blackstone":1,"minecraft:oak_log":6,"inka:coca":68,"minecraft:raw_copper":34,"mekanismtools:iron_paxel":1,"regions_unexplored:spruce_shrub":1,"born_in_chaos_v1:intoxicating_decoction":4,"minecraft:blackstone":8,"aether:phoenix_helmet":1,"minecraft:gold_nugget":34,"aether:phoenix_leggings":1,"lightmanscurrency:coin_iron":7,"minecraft:furnace":1,"minecraft:stick":4,"minecraft:raw_iron":2,"aether:phoenix_boots":1,"patchouli:guide_book":2,"minecraft:quartz":10,"aether:phoenix_chestplate":1,"mynethersdelight:hoglin_loin":3,"epicfight:skillbook":1,"minecraft:polished_blackstone_bricks":21,"minecraft:diorite":37,"aether:golden_gloves":1,"minecraft:spruce_log":2,"lightmanscurrency:coin_copper":6,"minecraft:arrow":2,"minecraft:rotten_flesh":3,"cataclysm:tidal_claws":1,"minecraft:cracked_polished_blackstone_bricks":4,"minecraft:gold_ingot":3,"minecraft:netherrack":58,"regions_unexplored:cobalt_log":1,"minecraft:crimson_roots":1,"minecraft:cobblestone":173},"minecraft:killed":{"minecraft:piglin":1,"minecraft:hoglin":1,"born_in_chaos_v1:corpse_fly":1,"italianbrainrotsforzaken:tumtumsitochurro":1,"italianbrainrotsforzaken:capuchinitos":2},"minecraft:crafted":{"minecraft:oak_planks":24,"vanillaplustools:stone_hammer":1,"minecraft:crafting_table":3,"minecraft:spruce_planks":8,"minecraft:wooden_pickaxe":1,"minecraft:furnace":1,"minecraft:stone_axe":1,"minecraft:air":0,"minecraft:stick":32,"minecraft:iron_ingot":2,"minecraft:stone_pickaxe":10,"regions_unexplored:cobalt_planks":4,"minecraft:gold_ingot":147}},"DataVersion":3465}