{"stats":{"minecraft:picked_up":{"minecraft:stripped_warped_hyphae":1,"minecraft:spruce_stairs":2,"minecraft:hay_block":9,"neapolitan:mint_ice_cream":1,"alexsmobs:animal_dictionary":1,"minecraft:dirt":2},"minecraft:dropped":{"alexsmobs:animal_dictionary":1,"minecraft:bowl":1},"minecraft:mined":{"minecraft:spruce_stairs":2,"minecraft:grass":2,"minecraft:hay_block":9,"minecraft:grass_block":3,"minecraft:stripped_warped_hyphae":2},"minecraft:custom":{"minecraft:time_since_rest":8368,"minecraft:crouch_one_cm":2547,"minecraft:sprint_one_cm":7195,"minecraft:play_time":8368,"minecraft:damage_taken":426,"minecraft:walk_one_cm":10441,"minecraft:sneak_time":844,"minecraft:drop":2,"minecraft:jump":85,"minecraft:leave_game":2,"minecraft:time_since_death":8368,"minecraft:total_world_time":8368,"minecraft:climb_one_cm":179,"minecraft:interact_with_crafting_table":2,"minecraft:fall_one_cm":3158,"minecraft:fly_one_cm":9163,"minecraft:horse_one_cm":4224},"minecraft:crafted":{"minecraft:warped_planks":4,"minecraft:crafting_table":1,"minecraft:bread":6,"minecraft:wheat":18},"minecraft:used":{"neapolitan:mint_ice_cream":1,"minecraft:dirt":1,"minecraft:hay_block":7,"minecraft:crafting_table":1,"minecraft:bread":2,"minecraft:spruce_stairs":2,"alexsmobs:animal_dictionary":3}},"DataVersion":3465}