{"stats":{"minecraft:dropped":{"minecraft:stone":1,"alexscaves:thornwood_boat":3,"moblassos:creative_lasso":1,"vinery:wandering_winemaker_spawn_egg":1,"automobility:steep_slope":1},"minecraft:used":{"alienevo:omnitrix_workbench":1,"automobility:steep_slope":38,"automobility:dash_panel":3,"automobility:auto_mechanic_table":1,"minecraft:villager_spawn_egg":2,"minecraft:flint_and_steel":2,"minecraft:carved_pumpkin":17,"minecraft:iron_block":51,"block_factorys_bosses:underworld_knight_spawn_egg":1,"minecraft:stone":3,"alexscaves:thornwood_boat":1,"block_factorys_bosses:soul_skeleton_spawn_egg":1,"moblassos:creative_lasso":1,"minecraft:crossbow":22,"minecraft:white_bed":1},"minecraft:picked_up":{"alexscaves:thornwood_boat":2,"lightmanscurrency:coin_copper":25,"minecraft:arrow":2,"block_factorys_bosses:knight_sword":1,"minecraft:bread":2},"minecraft:custom":{"minecraft:time_since_rest":36181,"minecraft:sprint_one_cm":102680,"minecraft:walk_one_cm":100125,"minecraft:mob_kills":8,"minecraft:drop":7,"tombstone:raider_killed":3,"minecraft:damage_dealt":308,"minecraft:talked_to_villager":2,"minecraft:fly_one_cm":600824,"minecraft:open_chest":2,"minecraft:crouch_one_cm":4473,"minecraft:play_time":110976,"tombstone:undead_killed":2,"minecraft:sneak_time":4042,"minecraft:walk_under_water_one_cm":10399,"minecraft:boat_one_cm":18303,"tombstone:villager_killed":1,"minecraft:jump":205,"minecraft:leave_game":5,"minecraft:time_since_death":110976,"minecraft:walk_on_water_one_cm":1399,"minecraft:sleep_in_bed":1,"minecraft:total_world_time":110976,"minecraft:horse_one_cm":696},"minecraft:killed":{"minecraft:pillager":2,"vinery:mule":1,"minecraft:zombie":2,"minecraft:rabbit":1,"minecraft:vindicator":1,"minecraft:villager":1}},"DataVersion":3465}