{"stats":{"minecraft:picked_up":{"minecraft:birch_log":6},"minecraft:dropped":{"minecraft:player_head":1},"minecraft:crafted":{"minecraft:birch_planks":24},"minecraft:custom":{"minecraft:open_barrel":4,"minecraft:open_chest":2,"minecraft:crouch_one_cm":219,"minecraft:sprint_one_cm":51830,"minecraft:play_time":19289,"minecraft:walk_one_cm":22138,"minecraft:sneak_time":448,"minecraft:walk_under_water_one_cm":1443,"minecraft:drop":1,"minecraft:jump":137,"minecraft:leave_game":5,"minecraft:walk_on_water_one_cm":2764,"minecraft:time_since_death":19289,"minecraft:climb_one_cm":679,"minecraft:total_world_time":19289,"minecraft:swim_one_cm":3852,"minecraft:fall_one_cm":2595,"minecraft:fly_one_cm":168837,"minecraft:time_since_rest":19289},"minecraft:used":{"minecraft:written_book":1,"minecraft:iron_axe":6},"minecraft:mined":{"minecraft:birch_log":6}},"DataVersion":3465}