{"stats":{"minecraft:dropped":{"camera:image_frame":1,"securitycraft:reinforced_glass":1},"minecraft:used":{"camera:image_frame":9,"iceandfire:armor_silver_metal_boots":1,"securitycraft:reinforced_polished_diorite":162,"securitycraft:reinforced_ice":10,"minecraft:hopper":9,"securitycraft:keypad_chest":9,"securitycraft:reinforced_glass":299,"iceandfire:armor_silver_metal_leggings":1,"dawnoftimebuilder:lattice_glass":4,"iceandfire:armor_silver_metal_helmet":1,"iceandfire:armor_silver_metal_chestplate":1},"minecraft:custom":{"minecraft:open_chest":2,"minecraft:time_since_rest":33473,"minecraft:crouch_one_cm":2505,"minecraft:sprint_one_cm":2048,"minecraft:play_time":33473,"minecraft:walk_one_cm":46567,"minecraft:sneak_time":1619,"minecraft:drop":2,"minecraft:jump":73,"minecraft:leave_game":1,"minecraft:walk_on_water_one_cm":1479,"minecraft:time_since_death":33473,"minecraft:climb_one_cm":780,"minecraft:total_world_time":33473,"minecraft:fly_one_cm":98648},"minecraft:picked_up":{"camera:image_frame":1,"securitycraft:reinforced_glass":1}},"DataVersion":3465}