{"stats":{"minecraft:dropped":{"moblassos:hostile_lasso":1,"minecraft:blackstone":2,"minecraft:birch_planks":2,"minecraft:oak_trapdoor":1,"alexsmobs:animal_dictionary":1,"minecraft:ender_pearl":1,"illagerinvasion:inquisitor_spawn_egg":1,"minecraft:bowl":1,"aether:golden_gloves":3,"minecraft:obsidian":1,"minecraft:rotten_flesh":2,"inka:coca":133,"minecraft:oak_planks":6,"iceandfire:dragonsteel_fire_chestplate":1,"aether:phoenix_chestplate":1,"travelersbackpack:pig":1,"alexscaves:caramel_apple":64,"moblassos:diamond_lasso":1,"moblassos:golden_lasso":2,"minecraft:spruce_door":1,"dungeonnowloading:spawner_fragment":8,"wom:diamond_staff":1,"cataclysm:tidal_claws":1,"artifacts:snorkel":1,"illagerinvasion:platinum_chunk":2,"iceandfire:dragonsteel_fire_leggings":1,"iceandfire:dragonsteel_fire_helmet":1,"moblassos:creative_lasso":1,"born_in_chaos_v1:corpse_maggot":1,"aether:phoenix_leggings":1,"minecraft:chain":1,"aether:phoenix_helmet":1,"travelersbackpack:skeleton":1,"aether:holy_sword":1,"lightmanscurrency:coin_iron":18,"minecraft:arrow":2,"iceandfire:dragonsteel_fire_boots":1,"mekanismtools:iron_paxel":1,"minecraft:netherrack":14,"aether:phoenix_boots":2,"regions_unexplored:cobalt_roots":2},"minecraft:used":{"mekanism:scuba_tank":1,"minecraft:oak_trapdoor":4,"minecraft:spruce_door":3,"minecraft:flint_and_steel":3,"aquamirae:maw_spawn_egg":1,"minecraft:oak_planks":17,"minecraft:blackstone":15,"minecraft:zombie_spawn_egg":2,"aether:phoenix_leggings":1,"minecraft:netherrack":6,"illagerinvasion:inquisitor_spawn_egg":29,"aquamirae:spinefish_spawn_egg":1,"minecraft:obsidian":36,"sons_of_sins:shape_shifting_tool":1,"born_in_chaos_v1:supreme_measure":2,"minecraft:packed_ice":2,"minecraft:lantern":3,"netherexp:netherite_plated_block":2,"aquamirae:anglerfish_spawn_egg":1,"aether:holy_sword":3,"block_factorys_bosses:yeti_spawn_egg":1,"mekanism:scuba_mask":1},"minecraft:custom":{"minecraft:interact_with_furnace":1,"minecraft:mob_kills":5,"minecraft:leave_game":1,"minecraft:time_since_death":87708,"minecraft:climb_one_cm":288,"minecraft:time_since_rest":87708,"minecraft:sprint_one_cm":48935,"minecraft:damage_taken":20,"minecraft:walk_one_cm":92856,"minecraft:drop":162,"minecraft:damage_dealt":542,"minecraft:fly_one_cm":557023,"minecraft:open_chest":5,"minecraft:crouch_one_cm":3937,"minecraft:play_time":87708,"tombstone:undead_killed":1,"minecraft:sneak_time":3745,"minecraft:walk_under_water_one_cm":32531,"minecraft:jump":263,"minecraft:walk_on_water_one_cm":4969,"minecraft:total_world_time":87708,"minecraft:fall_one_cm":478,"minecraft:inspect_dispenser":1},"minecraft:mined":{"regions_unexplored:cobalt_roots":1},"minecraft:picked_up":{"born_in_chaos_v1:corpse_maggot":1,"illagerinvasion:platinum_chunk":2,"minecraft:tripwire_hook":1,"minecraft:leather":3,"minecraft:birch_planks":2,"minecraft:chain":1,"minecraft:oak_trapdoor":1,"regions_unexplored:cobalt_roots":2,"inka:coca":65,"minecraft:bone":1,"dungeonnowloading:spawner_fragment":8,"travelersbackpack:pig":1,"aether:phoenix_helmet":1,"aether:phoenix_leggings":1,"lightmanscurrency:coin_iron":18,"minecraft:oak_planks":5,"moblassos:hostile_lasso":1,"aether:phoenix_boots":2,"minecraft:bowl":2,"minecraft:quartz":5,"moblassos:golden_lasso":2,"aether:golden_gloves":1,"minecraft:spruce_door":3,"lightmanscurrency:coin_copper":25,"epicfight:diamond_tachi":1,"minecraft:arrow":2,"minecraft:rotten_flesh":5,"lightmanscurrency:coin_gold":2,"moblassos:diamond_lasso":1,"minecraft:netherrack":22},"minecraft:killed":{"minecraft:piglin":1,"minecraft:skeleton":1,"born_in_chaos_v1:corpse_fly":2}},"DataVersion":3465}