{"stats":{"minecraft:dropped":{"aether:holy_sword":1,"aether:phoenix_helmet":1,"aether:phoenix_chestplate":1,"cataclysm:tidal_claws":1,"minecraft:blackstone":1,"alexscaves:caramel_apple":64,"mekanismtools:iron_paxel":1,"aether:golden_gloves":3,"minecraft:obsidian":1,"aether:phoenix_boots":2,"aether:phoenix_leggings":1},"minecraft:used":{"minecraft:packed_ice":2,"minecraft:flint_and_steel":1,"minecraft:blackstone":15,"netherexp:netherite_plated_block":2,"aether:holy_sword":3,"minecraft:obsidian":36},"minecraft:custom":{"minecraft:time_since_rest":39708,"minecraft:interact_with_furnace":1,"minecraft:crouch_one_cm":1572,"minecraft:sprint_one_cm":15827,"minecraft:play_time":39708,"minecraft:walk_one_cm":27255,"minecraft:sneak_time":833,"minecraft:walk_under_water_one_cm":266,"minecraft:mob_kills":3,"minecraft:drop":77,"minecraft:jump":74,"minecraft:damage_dealt":159,"minecraft:leave_game":1,"minecraft:walk_on_water_one_cm":11,"minecraft:time_since_death":39708,"minecraft:total_world_time":39708,"minecraft:fly_one_cm":82372},"minecraft:picked_up":{"aether:phoenix_boots":1,"aether:golden_gloves":1,"minecraft:netherrack":22},"minecraft:killed":{"born_in_chaos_v1:corpse_fly":2}},"DataVersion":3465}