{"stats":{"minecraft:custom":{"minecraft:time_since_rest":8773,"minecraft:sprint_one_cm":116974,"minecraft:walk_one_cm":121263,"minecraft:mob_kills":14,"minecraft:drop":136,"tombstone:raider_killed":3,"minecraft:damage_dealt":926,"minecraft:swim_one_cm":2634,"minecraft:talked_to_villager":2,"minecraft:fly_one_cm":606814,"minecraft:open_barrel":1,"minecraft:open_chest":2,"minecraft:crouch_one_cm":4473,"minecraft:play_time":122538,"tombstone:undead_killed":2,"minecraft:sneak_time":4115,"minecraft:walk_under_water_one_cm":10982,"minecraft:boat_one_cm":43702,"tombstone:villager_killed":1,"minecraft:jump":230,"minecraft:leave_game":6,"minecraft:walk_on_water_one_cm":1740,"minecraft:time_since_death":122538,"minecraft:sleep_in_bed":2,"minecraft:total_world_time":122538,"minecraft:horse_one_cm":696},"minecraft:picked_up":{"alexscaves:thornwood_boat":2,"lightmanscurrency:coin_copper":25,"minecraft:arrow":2,"block_factorys_bosses:knight_sword":1,"minecraft:iron_ingot":3,"minecraft:bread":2,"minecraft:cobblestone":32},"minecraft:killed":{"minecraft:pillager":2,"vinery:mule":1,"minecraft:zombie":2,"minecraft:rabbit":1,"minecraft:vindicator":1,"minecraft:iron_golem":5,"alexsmobs:seagull":1,"minecraft:villager":1},"minecraft:dropped":{"minecraft:stone":1,"alexscaves:thornwood_boat":3,"moblassos:creative_lasso":1,"vinery:wandering_winemaker_spawn_egg":1,"minecraft:carved_pumpkin":1,"inka:coca":64,"automobility:steep_slope":1,"butcher:cooked_dragon_meat":64},"minecraft:used":{"alienevo:omnitrix_workbench":1,"automobility:steep_slope":38,"automobility:dash_panel":3,"minecraft:villager_spawn_egg":2,"automobility:auto_mechanic_table":1,"minecraft:flint_and_steel":2,"minecraft:carved_pumpkin":17,"minecraft:iron_block":56,"block_factorys_bosses:underworld_knight_spawn_egg":1,"minecraft:stone":3,"block_factorys_bosses:knight_sword":8,"alexscaves:thornwood_boat":1,"block_factorys_bosses:soul_skeleton_spawn_egg":1,"moblassos:creative_lasso":1,"minecraft:crossbow":22,"minecraft:white_bed":1}},"DataVersion":3465}