{"stats":{"minecraft:dropped":{"camera:image_frame":1,"securitycraft:reinforced_glass":1},"minecraft:used":{"camera:image_frame":7,"securitycraft:reinforced_polished_diorite":140,"securitycraft:reinforced_ice":7,"minecraft:hopper":6,"securitycraft:keypad_chest":6,"securitycraft:reinforced_glass":202,"dawnoftimebuilder:lattice_glass":4},"minecraft:custom":{"minecraft:open_chest":2,"minecraft:time_since_rest":21473,"minecraft:crouch_one_cm":2096,"minecraft:sprint_one_cm":1793,"minecraft:play_time":21473,"minecraft:walk_one_cm":35656,"minecraft:sneak_time":1212,"minecraft:drop":2,"minecraft:jump":56,"minecraft:leave_game":1,"minecraft:walk_on_water_one_cm":1479,"minecraft:time_since_death":21473,"minecraft:climb_one_cm":671,"minecraft:total_world_time":21473,"minecraft:fly_one_cm":74662},"minecraft:picked_up":{"camera:image_frame":1,"securitycraft:reinforced_glass":1}},"DataVersion":3465}