{"stats":{"minecraft:custom":{"minecraft:jump":11,"minecraft:time_since_rest":19573,"minecraft:crouch_one_cm":15,"minecraft:leave_game":2,"minecraft:play_time":19573,"minecraft:sprint_one_cm":3047,"minecraft:time_since_death":19573,"minecraft:walk_on_water_one_cm":626,"minecraft:walk_one_cm":2064,"minecraft:sneak_time":14,"minecraft:total_world_time":19573,"minecraft:walk_under_water_one_cm":109,"minecraft:swim_one_cm":996,"minecraft:fall_one_cm":209,"minecraft:fly_one_cm":23306}},"DataVersion":3465}