{"stats":{"minecraft:used":{"alexscaves:thornwood_boat":1},"minecraft:custom":{"minecraft:jump":42,"minecraft:time_since_rest":12854,"minecraft:crouch_one_cm":351,"minecraft:leave_game":2,"minecraft:play_time":12854,"minecraft:sprint_one_cm":12465,"minecraft:time_since_death":12854,"minecraft:walk_on_water_one_cm":1203,"minecraft:walk_one_cm":6850,"minecraft:sneak_time":1194,"minecraft:total_world_time":12854,"minecraft:walk_under_water_one_cm":10399,"minecraft:boat_one_cm":18303,"minecraft:fly_one_cm":273009}},"DataVersion":3465}