{"stats":{"minecraft:custom":{"minecraft:time_since_rest":32773,"minecraft:sprint_one_cm":117696,"minecraft:walk_one_cm":144114,"minecraft:mob_kills":14,"minecraft:drop":151,"tombstone:raider_killed":3,"minecraft:damage_dealt":946,"minecraft:swim_one_cm":5936,"minecraft:talked_to_villager":2,"minecraft:fly_one_cm":607821,"minecraft:open_barrel":1,"minecraft:open_chest":2,"minecraft:interact_with_loom":2,"minecraft:crouch_one_cm":4603,"minecraft:play_time":146538,"tombstone:undead_killed":2,"minecraft:sneak_time":4396,"minecraft:walk_under_water_one_cm":20595,"minecraft:boat_one_cm":51270,"tombstone:villager_killed":1,"minecraft:jump":244,"minecraft:leave_game":6,"minecraft:walk_on_water_one_cm":3852,"minecraft:time_since_death":146538,"minecraft:sleep_in_bed":2,"minecraft:total_world_time":146538,"minecraft:horse_one_cm":696},"minecraft:picked_up":{"alexscaves:thornwood_boat":2,"alexscaves:cave_codex":1,"lightmanscurrency:coin_copper":25,"minecraft:arrow":2,"block_factorys_bosses:knight_sword":1,"minecraft:peony":4,"minecraft:iron_ingot":3,"minecraft:bread":2,"alexscaves:cave_map":3,"minecraft:cobblestone":32},"minecraft:killed":{"minecraft:pillager":2,"vinery:mule":1,"minecraft:zombie":2,"minecraft:rabbit":1,"minecraft:vindicator":1,"minecraft:iron_golem":5,"alexsmobs:seagull":1,"minecraft:villager":1},"minecraft:dropped":{"mekanismtools:steel_sword":1,"minecraft:stone":1,"alexsmobs:unsettling_kimono":1,"alexscaves:thornwood_boat":3,"minecraft:peony":4,"moblassos:creative_lasso":1,"alexscaves:cave_map":3,"vinery:wandering_winemaker_spawn_egg":1,"minecraft:carved_pumpkin":1,"inka:coca":64,"alexscaves:cave_codex":1,"alexsmobs:frontier_cap":1,"automobility:steep_slope":1,"alexsmobs:emu_leggings":1,"minecraft:paper":64,"minecraft:grass_block":1,"butcher:cooked_dragon_meat":64,"alexsmobs:roadrunner_boots":1},"minecraft:used":{"alienevo:omnitrix_workbench":1,"automobility:steep_slope":38,"automobility:dash_panel":3,"minecraft:villager_spawn_egg":2,"automobility:auto_mechanic_table":1,"tombstone:dark_marble_stairs":1,"minecraft:flint_and_steel":2,"minecraft:carved_pumpkin":17,"minecraft:iron_block":56,"minecraft:grass_block":2,"block_factorys_bosses:underworld_knight_spawn_egg":1,"minecraft:stone":3,"beachparty:floaty_boat":2,"block_factorys_bosses:knight_sword":8,"alexscaves:thornwood_boat":1,"block_factorys_bosses:soul_skeleton_spawn_egg":1,"moblassos:creative_lasso":1,"minecraft:crossbow":22,"minecraft:white_bed":1}},"DataVersion":3465}