{"stats":{"minecraft:custom":{"minecraft:mob_kills":36,"tombstone:raider_killed":3,"minecraft:open_barrel":5,"minecraft:interact_with_loom":2,"minecraft:leave_game":6,"minecraft:time_since_death":106268,"minecraft:sleep_in_bed":2,"minecraft:climb_one_cm":219,"minecraft:damage_absorbed":96,"minecraft:time_since_rest":106300,"minecraft:damage_taken":4545,"minecraft:sprint_one_cm":388165,"minecraft:walk_one_cm":567382,"minecraft:drop":478,"minecraft:damage_dealt":14501,"minecraft:damage_dealt_absorbed":624,"minecraft:swim_one_cm":29993,"minecraft:talked_to_villager":2,"minecraft:fly_one_cm":2586484,"minecraft:open_chest":3,"minecraft:crouch_one_cm":10070,"minecraft:play_time":308263,"tombstone:undead_killed":3,"minecraft:deaths":1,"minecraft:sneak_time":11349,"minecraft:walk_under_water_one_cm":135119,"minecraft:boat_one_cm":256555,"minecraft:jump":893,"tombstone:villager_killed":1,"minecraft:walk_on_water_one_cm":16559,"minecraft:total_world_time":308263,"minecraft:fall_one_cm":31441,"minecraft:horse_one_cm":696},"minecraft:picked_up":{"stalwart_dungeons:warted_tungsten_boots":2,"minecraft:crafting_table":2,"alexscaves:tough_hide":1,"illagerinvasion:platinum_chunk":1,"minecraft:golden_carrot":2,"minecraft:enchanted_book":1,"alexscaves:limestone":336,"minecraft:nether_brick":128,"alexscaves:cave_codex":1,"minecraft:dirt":36,"block_factorys_bosses:wall_torch":1,"inka:coca":3,"dungeonnowloading:spawner_fragment":5,"minecraft:iron_ingot":3,"butcher:cooked_dragon_meat":33,"minecraft:cobblestone_slab":6,"alexscaves:curly_fern":2,"minecraft:glass_bottle":1,"aquamirae:remnants_saber":1,"minecraft:polished_blackstone_stairs":9,"block_factorys_bosses:dragon_bone":1,"block_factorys_bosses:knight_boots":1,"minecraft:stick":1,"minecraft:sandstone":9,"alexscaves:thornwood_boat":2,"iceandfire:deathworm_red_chestplate":1,"lightmanscurrency:coin_copper":25,"minecraft:arrow":2,"block_factorys_bosses:knight_sword":1,"minecraft:nether_bricks":30,"minecraft:peony":4,"lightmanscurrency:coin_gold":5,"cataclysm:the_incinerator":1,"minecraft:bread":2,"minecraft:polished_blackstone":3,"alexscaves:cave_map":4,"minecraft:blackstone_stairs":5,"minecraft:obsidian":6,"minecraft:cobblestone":171},"minecraft:killed":{"cataclysm:ignited_revenant":1,"italianbrainrotsforzaken:cocodrilito":2,"minecraft:vindicator":1,"minecraft:rabbit":1,"minecraft:iron_golem":5,"minecraft:cod":5,"alexsmobs:seagull":1,"italianbrainrotsforzaken:tralalerita":1,"italianbrainrotsforzaken:lirilito":3,"minecraft:pillager":2,"vinery:mule":1,"minecraft:zombie":2,"creeperoverhaul:mushroom_creeper":1,"cataclysm:deepling":1,"cataclysm:ignis":1,"italianbrainrotsforzaken:tumtumsitochurro":1,"italianbrainrotsforzaken:trulimerito":2,"italianbrainrotsforzaken:capuchinitos":1,"minecraft:villager":1,"iceandfire:sea_serpent":1,"italianbrainrotsforzaken:brr_brrpatapimsitos":2},"minecraft:dropped":{"alexscaves:primordial_pants":1,"minecraft:note_block":1,"minecraft:blaze_rod":64,"alexsmobs:unsettling_kimono":1,"alexscaves:thornwood_boat":3,"minecraft:polished_blackstone":2,"minecraft:nether_brick":192,"aquamirae:terrible_helmet":1,"alexscaves:curly_fern":2,"wom:satsujin":1,"minecraft:netherite_sword":1,"block_factorys_bosses:dragon_bones_leggings":1,"minecraft:obsidian":8,"stalwart_dungeons:warted_tungsten_leggings":1,"cataclysm:the_incinerator":1,"block_factorys_bosses:wall_torch":1,"inka:coca":322,"alexscaves:cave_codex":1,"stalwart_dungeons:warted_tungsten_boots":3,"alexsmobs:frontier_cap":1,"automobility:steep_slope":1,"minecraft:nether_bricks":24,"dungeonnowloading:spawner_fragment":5,"minecraft:grass_block":1,"block_factorys_bosses:dragon_bones_boots":1,"block_factorys_bosses:dragon_bone":1,"minecraft:polished_blackstone_stairs":6,"travelersbackpack:hay":1,"alexsmobs:roadrunner_boots":2,"minecraft:stick":1,"minecraft:emerald":2,"alexsmobs:froststalker_helmet":1,"stalwart_dungeons:warted_tungsten_chestplate":1,"minecraft:dirt":36,"mekanismtools:steel_sword":1,"alexsmobs:crocodile_chestplate":1,"block_factorys_bosses:knight_leggings":1,"iceandfire:armor_silver_metal_boots":1,"minecraft:stone":1,"illagerinvasion:platinum_chunk":1,"cataclysm:ignitium_helmet":1,"artifacts:novelty_drinking_hat":1,"alexscaves:primordial_tunic":1,"minecraft:peony":4,"iceandfire:armor_silver_metal_leggings":1,"moblassos:creative_lasso":1,"block_factorys_bosses:knight_boots":2,"alexscaves:spawn_egg_grottoceratops":1,"aquamirae:remnants_saber":2,"block_factorys_bosses:knight_chestplate":1,"iceandfire:armor_silver_metal_chestplate":1,"vinery:wandering_winemaker_spawn_egg":1,"minecraft:carved_pumpkin":1,"alexscaves:limestone":232,"alexscaves:cave_map":3,"alexscaves:primordial_helmet":1,"born_in_chaos_v1:supreme_measure":1,"block_factorys_bosses:dragon_bones_chestplate":1,"iceandfire:armor_silver_metal_helmet":1,"minecraft:paper":64,"alexsmobs:emu_leggings":1,"block_factorys_bosses:knight_helmet":1,"butcher:cooked_dragon_meat":75,"artifacts:bunny_hoppers":1,"cataclysm:bone_reptile_helmet":1},"minecraft:used":{"wom:satsujin":2,"minecraft:flint_and_steel":12,"minecraft:carved_pumpkin":17,"alexscaves:spawn_egg_relicheirus":2,"minecraft:stone":3,"block_factorys_bosses:knight_sword":21,"inka:coca":8,"block_factorys_bosses:soul_skeleton_spawn_egg":1,"moblassos:creative_lasso":1,"born_in_chaos_v1:supreme_measure":26,"minecraft:nether_bricks":3,"minecraft:white_bed":1,"minecraft:crossbow":22,"minecraft:apple":2,"minecraft:obsidian":74,"alienevo:omnitrix_workbench":1,"automobility:steep_slope":38,"automobility:dash_panel":3,"automobility:auto_mechanic_table":1,"minecraft:villager_spawn_egg":2,"tombstone:dark_marble_stairs":1,"minecraft:iron_block":56,"minecraft:grass_block":2,"minecraft:bread":1,"stalwart_dungeons:warted_tungsten_boots":1,"block_factorys_bosses:underworld_knight_spawn_egg":1,"alexscaves:spawn_egg_grottoceratops":4,"butcher:cooked_dragon_meat":10,"beachparty:floaty_boat":5,"minecraft:golden_carrot":2,"alexscaves:thornwood_boat":1}},"DataVersion":3465}