{"stats":{"minecraft:used":{"minecraft:crossbow":11,"alexscaves:thornwood_boat":1},"minecraft:custom":{"minecraft:jump":88,"minecraft:open_chest":2,"minecraft:time_since_rest":58286,"tombstone:raider_killed":3,"minecraft:crouch_one_cm":856,"minecraft:leave_game":3,"minecraft:play_time":58286,"minecraft:sprint_one_cm":33770,"minecraft:time_since_death":58286,"minecraft:walk_on_water_one_cm":1203,"minecraft:walk_one_cm":12473,"minecraft:sneak_time":1909,"minecraft:total_world_time":58286,"minecraft:walk_under_water_one_cm":10399,"minecraft:mob_kills":3,"minecraft:boat_one_cm":18303,"minecraft:fly_one_cm":401902},"minecraft:killed":{"minecraft:vindicator":1,"minecraft:pillager":2},"minecraft:picked_up":{"lightmanscurrency:coin_copper":24,"minecraft:arrow":2}},"DataVersion":3465}