{"stats":{"minecraft:picked_up":{"minecraft:birch_log":6,"born_in_chaos_v1:corpse_maggot":3,"born_in_chaos_v1:monster_flesh":2,"minecraft:oak_log":1,"minecraft:dirt":6,"born_in_chaos_v1:monster_skin":2,"artifacts:antidote_vessel":1,"minecraft:stick":2,"born_in_chaos_v1:ethereal_spirit":2,"warleryshq:landmine":1,"tombstone:grave_dust":2,"minecraft:dark_oak_log":3,"minecraft:arrow":2,"minecraft:yellow_carpet":2,"minecraft:rotten_flesh":3,"minecraft:pumpkin_pie":1,"minecraft:hay_block":8,"minecraft:granite":12,"born_in_chaos_v1:tombstone_dark_titan_066":1,"minecraft:emerald":3,"minecraft:cobblestone":3},"minecraft:dropped":{"minecraft:player_head":1,"born_in_chaos_v1:ethereal_spirit":2,"minecraft:granite":12,"minecraft:stick":2,"palladium:lead_ingot":1,"minecraft:arrow":2},"minecraft:killed":{"born_in_chaos_v1:restless_spirit":1,"takesapillage:skirmisher":2,"born_in_chaos_v1:maggot":3,"minecraft:zombie":3,"born_in_chaos_v1:dread_hound":2,"takesapillage:archer":1,"artifacts:mimic":1},"minecraft:crafted":{"minecraft:oak_planks":4,"minecraft:crafting_table":2,"minecraft:wooden_pickaxe":1,"minecraft:birch_planks":24,"minecraft:bread":24,"minecraft:stick":4,"netherexp:bone_rod":2,"minecraft:stone_pickaxe":1,"minecraft:dark_oak_planks":12,"minecraft:wheat":72},"minecraft:custom":{"minecraft:mob_kills":13,"tombstone:raider_killed":3,"minecraft:interact_with_crafting_table":6,"minecraft:open_barrel":7,"tombstone:rite_of_silent_bond":1,"minecraft:damage_dealt_resisted":185,"minecraft:leave_game":6,"minecraft:time_since_death":30097,"minecraft:sleep_in_bed":1,"minecraft:climb_one_cm":3446,"minecraft:time_since_rest":14578,"minecraft:sprint_one_cm":192159,"minecraft:damage_taken":938,"minecraft:walk_one_cm":83459,"minecraft:drop":13,"minecraft:damage_dealt":2671,"minecraft:swim_one_cm":3852,"minecraft:fly_one_cm":321521,"minecraft:open_chest":4,"minecraft:crouch_one_cm":562,"minecraft:play_time":50530,"tombstone:undead_killed":3,"minecraft:deaths":1,"minecraft:sneak_time":1040,"minecraft:walk_under_water_one_cm":1443,"minecraft:jump":355,"minecraft:walk_on_water_one_cm":3621,"minecraft:total_world_time":50530,"minecraft:fall_one_cm":9405},"minecraft:used":{"wom:satsujin":52,"minecraft:stone_pickaxe":3,"minecraft:wooden_pickaxe":9,"warleryshq:earlygamebox":1,"minecraft:crafting_table":2,"minecraft:yellow_carpet":2,"minecraft:iron_axe":12,"minecraft:bread":13,"minecraft:written_book":1,"minecraft:pumpkin_pie":1,"warleryshq:landmine":1},"minecraft:mined":{"minecraft:dark_oak_log":3,"warleryshq:landmine":1,"minecraft:granite":6,"minecraft:grass_block":1,"minecraft:yellow_carpet":2,"minecraft:cobblestone":3,"minecraft:hay_block":8,"born_in_chaos_v1:tombstone_dark_titan_066":1,"minecraft:birch_log":6,"born_in_chaos_v1:fired_black_argillite":2,"minecraft:grass":1,"minecraft:oak_log":1,"minecraft:dirt":5,"minecraft:oak_leaves":10}},"DataVersion":3465}