{"stats":{"minecraft:custom":{"minecraft:open_barrel":2,"minecraft:open_chest":4,"minecraft:time_since_rest":12383,"minecraft:damage_dealt":58,"minecraft:crouch_one_cm":578,"minecraft:leave_game":2,"minecraft:play_time":12383,"minecraft:sprint_one_cm":53196,"minecraft:damage_taken":200,"minecraft:time_since_death":12383,"minecraft:walk_one_cm":18225,"minecraft:sneak_time":886,"minecraft:total_world_time":12383,"minecraft:drop":1,"minecraft:talked_to_villager":10,"minecraft:fall_one_cm":695,"minecraft:fly_one_cm":312876,"minecraft:jump":111},"minecraft:dropped":{"relics:hunter_belt":1}},"DataVersion":3465}