{"stats":{"minecraft:dropped":{"moblassos:hostile_lasso":1,"cataclysm:tidal_claws":1,"minecraft:blackstone":2,"minecraft:birch_planks":2,"artifacts:snorkel":1,"moblassos:creative_lasso":1,"aether:golden_gloves":3,"minecraft:obsidian":1,"aether:phoenix_leggings":1,"aether:phoenix_helmet":1,"inka:coca":133,"aether:phoenix_chestplate":1,"aether:holy_sword":1,"moblassos:diamond_lasso":1,"alexscaves:caramel_apple":64,"moblassos:golden_lasso":2,"mekanismtools:iron_paxel":1,"regions_unexplored:cobalt_roots":2,"aether:phoenix_boots":2},"minecraft:used":{"mekanism:scuba_tank":1,"minecraft:packed_ice":2,"minecraft:flint_and_steel":3,"minecraft:lantern":3,"minecraft:blackstone":15,"netherexp:netherite_plated_block":2,"aether:holy_sword":3,"minecraft:zombie_spawn_egg":2,"minecraft:netherrack":6,"illagerinvasion:inquisitor_spawn_egg":5,"mekanism:scuba_mask":1,"minecraft:obsidian":36,"sons_of_sins:shape_shifting_tool":1},"minecraft:custom":{"minecraft:time_since_rest":63708,"minecraft:interact_with_furnace":1,"minecraft:sprint_one_cm":31541,"minecraft:damage_taken":20,"minecraft:walk_one_cm":55671,"minecraft:mob_kills":4,"minecraft:drop":95,"minecraft:damage_dealt":262,"minecraft:fly_one_cm":267142,"minecraft:open_chest":4,"minecraft:crouch_one_cm":2823,"minecraft:play_time":63708,"minecraft:sneak_time":2546,"minecraft:walk_under_water_one_cm":22994,"minecraft:jump":187,"minecraft:leave_game":1,"minecraft:time_since_death":63708,"minecraft:walk_on_water_one_cm":4061,"minecraft:total_world_time":63708,"minecraft:climb_one_cm":288,"minecraft:fall_one_cm":478},"minecraft:mined":{"regions_unexplored:cobalt_roots":1},"minecraft:picked_up":{"aether:phoenix_boots":1,"minecraft:birch_planks":2,"moblassos:golden_lasso":2,"aether:golden_gloves":1,"regions_unexplored:cobalt_roots":2,"inka:coca":65,"moblassos:diamond_lasso":1,"minecraft:netherrack":22,"moblassos:hostile_lasso":1},"minecraft:killed":{"minecraft:piglin":1,"born_in_chaos_v1:corpse_fly":2}},"DataVersion":3465}