{"stats":{"minecraft:picked_up":{"mekanismtools:lapis_lazuli_chestplate":1,"minecraft:acacia_fence":1,"patchouli:guide_book":1,"mekanismtools:lapis_lazuli_helmet":1,"minecraft:lead":1,"minecraft:bowl":2,"mekanismtools:lapis_lazuli_boots":1,"minecraft:dirt":5,"lightmanscurrency:item_capacity_upgrade_1":1,"minecraft:rotten_flesh":1,"iceandfire:pixie_jar_empty":1,"mekanismtools:lapis_lazuli_leggings":1,"minecraft:granite":7,"minecraft:end_rod":11,"neapolitan:banana_bread":1,"lightmanscurrency:atm":1,"minecraft:iron_boots":1},"minecraft:killed":{"minecraft:zombie_villager":1},"minecraft:dropped":{"lightmanscurrency:item_capacity_upgrade_1":2,"minecraft:dirt":1,"neapolitan:banana":64,"aether:iron_gloves":1,"relics:hunter_belt":1,"iceandfire:pixie_jar_empty":1,"alexsmobs:animal_dictionary":1,"minecraft:bowl":1,"neapolitan:mint_ice_cream":1,"neapolitan:banana_bread":1,"minecraft:lead":1,"minecraft:iron_boots":2,"mekanismtools:lapis_lazuli_chestplate":2,"mekanismtools:lapis_lazuli_helmet":2,"minecraft:grass_block":1,"patchouli:guide_book":1,"mekanismtools:lapis_lazuli_leggings":2,"mekanismtools:lapis_lazuli_boots":2},"minecraft:custom":{"minecraft:time_since_rest":61803,"minecraft:sprint_one_cm":85628,"minecraft:damage_taken":210,"minecraft:walk_one_cm":88412,"minecraft:mob_kills":1,"minecraft:drop":87,"minecraft:damage_dealt":107,"minecraft:talked_to_villager":11,"minecraft:interact_with_crafting_table":1,"minecraft:fly_one_cm":674818,"minecraft:open_barrel":5,"minecraft:open_chest":7,"minecraft:crouch_one_cm":2296,"minecraft:play_time":61803,"tombstone:undead_killed":1,"minecraft:sneak_time":2998,"minecraft:jump":233,"minecraft:leave_game":5,"minecraft:walk_on_water_one_cm":1485,"minecraft:time_since_death":61803,"minecraft:climb_one_cm":1537,"minecraft:total_world_time":61803,"minecraft:fall_one_cm":914},"minecraft:used":{"lightmanscurrency:atm":1,"minecraft:flint_and_steel":1,"minecraft:grass_block":9,"neapolitan:banana_bread":1,"mutantmonsters:mutant_zombie_spawn_egg":2,"minecraft:dirt":1,"moblassos:creative_lasso":1,"alexscaves:nuclear_bomb":2,"creeperoverhaul:savannah_creeper_spawn_egg":3,"minecraft:splash_potion":86}},"DataVersion":3465}