{"stats":{"minecraft:custom":{"minecraft:time_since_rest":394031,"minecraft:open_chest":4,"minecraft:crouch_one_cm":3470,"minecraft:sprint_one_cm":6742,"minecraft:play_time":394031,"minecraft:walk_one_cm":71532,"minecraft:sneak_time":4561,"minecraft:walk_under_water_one_cm":3213,"minecraft:drop":2,"minecraft:jump":111,"minecraft:leave_game":5,"minecraft:walk_on_water_one_cm":7377,"minecraft:time_since_death":394031,"minecraft:climb_one_cm":2757,"minecraft:total_world_time":394031,"minecraft:fly_one_cm":435791},"minecraft:dropped":{"camera:image_frame":1,"securitycraft:reinforced_glass":1},"minecraft:picked_up":{"camera:image_frame":1,"securitycraft:reinforced_glass":1},"minecraft:used":{"camera:image_frame":9,"minecraft:torch":27,"iceandfire:armor_silver_metal_boots":1,"securitycraft:reinforced_polished_diorite":162,"securitycraft:reinforced_ice":10,"minecraft:hopper":9,"securitycraft:keypad_chest":9,"securitycraft:reinforced_glass":299,"farmersdelight:yellow_canvas_sign":4,"securitycraft:reinforced_birch_planks":17,"iceandfire:armor_silver_metal_leggings":1,"dawnoftimebuilder:lattice_glass":4,"iceandfire:armor_silver_metal_helmet":1,"iceandfire:armor_silver_metal_chestplate":1,"securitycraft:glow_display_case":1}},"DataVersion":3465}