{"stats":{"minecraft:picked_up":{"camera:image_frame":1,"securitycraft:reinforced_glass":1},"minecraft:used":{"camera:image_frame":9,"minecraft:torch":27,"iceandfire:armor_silver_metal_boots":1,"securitycraft:reinforced_polished_diorite":162,"securitycraft:reinforced_ice":10,"minecraft:hopper":9,"securitycraft:keypad_chest":9,"securitycraft:reinforced_glass":299,"farmersdelight:yellow_canvas_sign":4,"securitycraft:reinforced_birch_planks":17,"dawnoftimebuilder:lattice_glass":4,"iceandfire:armor_silver_metal_leggings":1,"iceandfire:armor_silver_metal_helmet":1,"securitycraft:glow_display_case":1,"iceandfire:armor_silver_metal_chestplate":1},"minecraft:custom":{"minecraft:time_since_rest":57884,"minecraft:open_chest":2,"minecraft:crouch_one_cm":2942,"minecraft:sprint_one_cm":5057,"minecraft:play_time":57884,"minecraft:walk_one_cm":63219,"minecraft:sneak_time":1879,"minecraft:drop":2,"minecraft:jump":104,"minecraft:leave_game":3,"minecraft:walk_on_water_one_cm":1717,"minecraft:time_since_death":57884,"minecraft:climb_one_cm":2720,"minecraft:total_world_time":57884,"minecraft:fly_one_cm":181898},"minecraft:dropped":{"camera:image_frame":1,"securitycraft:reinforced_glass":1}},"DataVersion":3465}