{"stats":{"minecraft:custom":{"minecraft:mob_kills":47,"minecraft:open_barrel":5,"minecraft:leave_game":7,"minecraft:time_since_death":129770,"minecraft:climb_one_cm":219,"minecraft:sprint_one_cm":421716,"minecraft:walk_one_cm":613237,"minecraft:drop":485,"minecraft:damage_dealt_absorbed":624,"minecraft:talked_to_villager":2,"minecraft:play_time":331765,"minecraft:deaths":1,"minecraft:sneak_time":11801,"minecraft:walk_under_water_one_cm":135119,"minecraft:boat_one_cm":256555,"minecraft:jump":992,"minecraft:walk_on_water_one_cm":16559,"minecraft:total_world_time":331765,"tombstone:raider_killed":3,"minecraft:interact_with_loom":2,"minecraft:sleep_in_bed":2,"minecraft:time_since_rest":129802,"minecraft:damage_taken":4545,"minecraft:damage_absorbed":96,"minecraft:damage_dealt":17149,"minecraft:swim_one_cm":29993,"minecraft:fly_one_cm":2651243,"minecraft:open_chest":5,"minecraft:crouch_one_cm":10839,"tombstone:undead_killed":3,"tombstone:villager_killed":1,"minecraft:fall_one_cm":31441,"minecraft:horse_one_cm":696},"minecraft:picked_up":{"stalwart_dungeons:warted_tungsten_boots":2,"minecraft:crafting_table":2,"alexscaves:tough_hide":1,"illagerinvasion:platinum_chunk":1,"minecraft:enchanted_book":1,"minecraft:nether_brick":128,"alexscaves:cave_codex":1,"block_factorys_bosses:wall_torch":1,"dungeonnowloading:spawner_fragment":5,"minecraft:cobbled_deepslate":64,"butcher:cooked_dragon_meat":33,"minecraft:cobblestone_slab":6,"aquamirae:remnants_saber":1,"alexscaves:thornwood_boat":2,"minecraft:stick":1,"minecraft:sandstone":9,"minecraft:polished_blackstone_stairs":9,"block_factorys_bosses:knight_boots":1,"iceandfire:deathworm_red_chestplate":1,"minecraft:arrow":2,"block_factorys_bosses:knight_sword":1,"minecraft:nether_bricks":30,"minecraft:peony":4,"minecraft:polished_blackstone":3,"minecraft:obsidian":6,"minecraft:blackstone_stairs":5,"minecraft:cobblestone":171,"minecraft:golden_carrot":2,"alexscaves:limestone":336,"minecraft:dirt":36,"inka:coca":3,"minecraft:iron_ingot":14,"alexscaves:curly_fern":2,"minecraft:glass_bottle":1,"cataclysm:crystallized_coral":1,"block_factorys_bosses:dragon_bone":1,"lightmanscurrency:coin_copper":25,"minecraft:slime_ball":8,"lightmanscurrency:coin_gold":5,"minecraft:bread":2,"cataclysm:the_incinerator":1,"alexscaves:cave_map":4},"minecraft:killed":{"cataclysm:ignited_revenant":1,"italianbrainrotsforzaken:cocodrilito":2,"cataclysm:the_prowler":1,"minecraft:vindicator":1,"minecraft:cod":5,"alexsmobs:seagull":1,"minecraft:slime":3,"italianbrainrotsforzaken:tralalerita":1,"italianbrainrotsforzaken:lirilito":3,"vinery:mule":1,"creeperoverhaul:mushroom_creeper":1,"italianbrainrotsforzaken:capuchinitos":1,"cataclysm:the_watcher":7,"minecraft:rabbit":1,"minecraft:iron_golem":5,"minecraft:pillager":2,"minecraft:zombie":2,"cataclysm:deepling":1,"italianbrainrotsforzaken:tumtumsitochurro":1,"cataclysm:ignis":1,"italianbrainrotsforzaken:trulimerito":2,"minecraft:villager":1,"iceandfire:sea_serpent":1,"italianbrainrotsforzaken:brr_brrpatapimsitos":2},"minecraft:dropped":{"alexsmobs:unsettling_kimono":1,"minecraft:polished_blackstone":2,"alexscaves:curly_fern":2,"aquamirae:terrible_helmet":1,"block_factorys_bosses:dragon_bones_leggings":1,"stalwart_dungeons:warted_tungsten_leggings":1,"cataclysm:the_incinerator":1,"stalwart_dungeons:warted_tungsten_boots":3,"minecraft:grass_block":1,"block_factorys_bosses:dragon_bones_boots":1,"minecraft:stick":1,"alexsmobs:roadrunner_boots":2,"minecraft:polished_blackstone_stairs":6,"minecraft:emerald":2,"minecraft:dirt":36,"alexsmobs:froststalker_helmet":1,"illagerinvasion:platinum_chunk":1,"artifacts:novelty_drinking_hat":1,"block_factorys_bosses:knight_leggings":1,"iceandfire:armor_silver_metal_leggings":1,"armoroftheages:centurion_armor_chest":1,"moblassos:creative_lasso":1,"iceandfire:armor_silver_metal_chestplate":1,"alexscaves:limestone":232,"alexscaves:cave_map":3,"mowziesmobs:wrought_helmet":1,"dungeonnowloading:spawner_helmet":1,"minecraft:paper":64,"iceandfire:armor_silver_metal_helmet":1,"alexsmobs:emu_leggings":1,"aether:sentry_boots":1,"block_factorys_bosses:knight_helmet":1,"artifacts:bunny_hoppers":1,"alexscaves:primordial_pants":1,"cataclysm:crystallized_coral":2,"minecraft:note_block":1,"minecraft:blaze_rod":64,"alexscaves:thornwood_boat":3,"minecraft:nether_brick":192,"wom:satsujin":1,"minecraft:netherite_sword":1,"minecraft:obsidian":8,"block_factorys_bosses:wall_torch":1,"inka:coca":322,"alexscaves:cave_codex":1,"alexsmobs:frontier_cap":1,"automobility:steep_slope":1,"armoroftheages:centurion_armor_legs":1,"minecraft:nether_bricks":24,"dungeonnowloading:spawner_fragment":5,"block_factorys_bosses:dragon_bone":1,"travelersbackpack:hay":1,"stalwart_dungeons:warted_tungsten_chestplate":1,"alexsmobs:crocodile_chestplate":1,"mekanismtools:steel_sword":1,"minecraft:stone":1,"iceandfire:armor_silver_metal_boots":1,"alexscaves:primordial_tunic":1,"cataclysm:ignitium_helmet":1,"minecraft:peony":4,"block_factorys_bosses:knight_boots":2,"alexscaves:spawn_egg_grottoceratops":1,"aquamirae:remnants_saber":2,"block_factorys_bosses:knight_chestplate":1,"minecraft:carved_pumpkin":1,"vinery:wandering_winemaker_spawn_egg":1,"alexscaves:primordial_helmet":1,"born_in_chaos_v1:supreme_measure":1,"block_factorys_bosses:dragon_bones_chestplate":1,"butcher:cooked_dragon_meat":75,"cataclysm:bone_reptile_helmet":1},"minecraft:used":{"wom:satsujin":2,"minecraft:flint_and_steel":14,"minecraft:carved_pumpkin":17,"alexscaves:spawn_egg_relicheirus":2,"minecraft:stone":3,"block_factorys_bosses:knight_sword":28,"inka:coca":8,"block_factorys_bosses:soul_skeleton_spawn_egg":1,"minecraft:nether_bricks":3,"minecraft:obsidian":74,"born_in_chaos_v1:supreme_measure":35,"alienevo:omnitrix_workbench":1,"automobility:steep_slope":38,"automobility:dash_panel":3,"minecraft:villager_spawn_egg":2,"tombstone:dark_marble_stairs":1,"minecraft:iron_block":56,"minecraft:grass_block":2,"stalwart_dungeons:warted_tungsten_boots":1,"block_factorys_bosses:underworld_knight_spawn_egg":1,"alexscaves:spawn_egg_grottoceratops":4,"minecraft:golden_carrot":2,"alexscaves:thornwood_boat":1,"moblassos:creative_lasso":1,"minecraft:crossbow":22,"minecraft:white_bed":1,"minecraft:deepslate_brick_stairs":10,"dungeonnowloading:spawner_helmet":1,"minecraft:apple":2,"automobility:auto_mechanic_table":1,"minecraft:bread":1,"butcher:cooked_dragon_meat":10,"beachparty:floaty_boat":5}},"DataVersion":3465}