{"stats":{"minecraft:dropped":{"vinery:wandering_winemaker_spawn_egg":1,"minecraft:stone":1},"minecraft:used":{"alexscaves:thornwood_boat":1,"minecraft:crossbow":22,"minecraft:white_bed":1,"minecraft:stone":3},"minecraft:picked_up":{"lightmanscurrency:coin_copper":25,"minecraft:arrow":2},"minecraft:custom":{"minecraft:time_since_rest":181,"minecraft:open_chest":2,"minecraft:crouch_one_cm":1896,"minecraft:sprint_one_cm":79339,"minecraft:play_time":74976,"tombstone:undead_killed":2,"minecraft:walk_one_cm":41087,"minecraft:sneak_time":2332,"minecraft:walk_under_water_one_cm":10399,"minecraft:mob_kills":5,"minecraft:drop":2,"minecraft:boat_one_cm":18303,"minecraft:jump":151,"tombstone:raider_killed":3,"minecraft:damage_dealt":108,"minecraft:leave_game":5,"minecraft:walk_on_water_one_cm":1203,"minecraft:time_since_death":74976,"minecraft:sleep_in_bed":1,"minecraft:total_world_time":74976,"minecraft:talked_to_villager":1,"minecraft:fly_one_cm":540779,"minecraft:horse_one_cm":696},"minecraft:killed":{"minecraft:vindicator":1,"minecraft:pillager":2,"minecraft:zombie":2}},"DataVersion":3465}