{"stats":{"minecraft:picked_up":{"mekanismtools:lapis_lazuli_chestplate":1,"patchouli:guide_book":1,"mekanismtools:lapis_lazuli_helmet":1,"minecraft:lead":1,"minecraft:bowl":1,"mekanismtools:lapis_lazuli_boots":1,"minecraft:dirt":1,"lightmanscurrency:item_capacity_upgrade_1":1,"minecraft:rotten_flesh":1,"mekanismtools:lapis_lazuli_leggings":1,"minecraft:iron_boots":1},"minecraft:dropped":{"lightmanscurrency:item_capacity_upgrade_1":2,"minecraft:dirt":1,"aether:iron_gloves":1,"relics:hunter_belt":1,"alexsmobs:animal_dictionary":1,"neapolitan:mint_ice_cream":1,"minecraft:lead":1,"minecraft:iron_boots":2,"mekanismtools:lapis_lazuli_chestplate":2,"mekanismtools:lapis_lazuli_helmet":1,"minecraft:grass_block":1,"patchouli:guide_book":1,"mekanismtools:lapis_lazuli_leggings":2,"mekanismtools:lapis_lazuli_boots":2},"minecraft:custom":{"minecraft:time_since_rest":46257,"minecraft:sprint_one_cm":78173,"minecraft:damage_taken":200,"minecraft:walk_one_cm":63263,"minecraft:drop":19,"minecraft:damage_dealt":97,"minecraft:talked_to_villager":10,"minecraft:interact_with_crafting_table":1,"minecraft:fly_one_cm":567835,"minecraft:open_barrel":5,"minecraft:open_chest":5,"minecraft:crouch_one_cm":1590,"minecraft:play_time":46257,"minecraft:sneak_time":1852,"minecraft:jump":198,"minecraft:leave_game":4,"minecraft:walk_on_water_one_cm":173,"minecraft:time_since_death":46257,"minecraft:climb_one_cm":1107,"minecraft:total_world_time":46257,"minecraft:fall_one_cm":695},"minecraft:used":{"minecraft:grass_block":9,"mutantmonsters:mutant_zombie_spawn_egg":1,"minecraft:dirt":1,"moblassos:creative_lasso":1}},"DataVersion":3465}