{"stats":{"minecraft:custom":{"minecraft:time_since_rest":454031,"minecraft:open_chest":5,"minecraft:crouch_one_cm":3656,"minecraft:sprint_one_cm":7440,"minecraft:play_time":454031,"minecraft:walk_one_cm":77960,"minecraft:sneak_time":4990,"minecraft:walk_under_water_one_cm":3213,"minecraft:drop":19,"minecraft:jump":113,"minecraft:leave_game":5,"minecraft:walk_on_water_one_cm":7721,"minecraft:time_since_death":454031,"minecraft:climb_one_cm":2757,"minecraft:total_world_time":454031,"minecraft:fly_one_cm":486182},"minecraft:dropped":{"inka:coca":16,"neapolitan:adzuki_beans":1,"camera:image_frame":1,"securitycraft:reinforced_glass":1},"minecraft:picked_up":{"camera:image_frame":1,"neapolitan:adzuki_beans":2,"securitycraft:reinforced_glass":1},"minecraft:used":{"camera:image_frame":9,"minecraft:torch":27,"iceandfire:armor_silver_metal_boots":1,"mekanism:mekasuit_pants":1,"securitycraft:reinforced_polished_diorite":162,"securitycraft:reinforced_ice":10,"minecraft:hopper":9,"securitycraft:keypad_chest":9,"securitycraft:reinforced_glass":299,"farmersdelight:yellow_canvas_sign":4,"mekanism:mekasuit_helmet":1,"securitycraft:reinforced_birch_planks":17,"iceandfire:armor_silver_metal_leggings":1,"dawnoftimebuilder:lattice_glass":4,"mekanism:mekasuit_boots":1,"iceandfire:armor_silver_metal_helmet":1,"mekanism:mekasuit_bodyarmor":1,"iceandfire:armor_silver_metal_chestplate":1,"securitycraft:glow_display_case":1}},"DataVersion":3465}