{"stats":{"minecraft:picked_up":{"iceandfire:armor_sapphire_chestplate":1,"mekanism:mekasuit_boots":1,"mekanism:mekasuit_bodyarmor":1,"mekanism:raw_lead":1,"mekanism:mekasuit_pants":1,"iceandfire:armor_sapphire_leggings":1,"minecraft:diamond_sword":4,"tombstone:grave_dust":2,"minecraft:string":2,"mekanism:mekasuit_helmet":2,"cataclysm:koboleton_bone":8,"cataclysm:ancient_metal_ingot":3,"cataclysm:ancient_metal_nugget":6,"iceandfire:armor_sapphire_boots":1,"tombstone:magic_scroll":1,"cataclysm:khopesh":1,"minecraft:birch_sapling":1,"iceandfire:raw_silver":2},"minecraft:custom":{"minecraft:time_since_rest":51030,"minecraft:damage_absorbed":218,"minecraft:damage_taken":268,"minecraft:sprint_one_cm":47036,"minecraft:walk_one_cm":43474,"minecraft:mob_kills":11,"minecraft:drop":20,"minecraft:damage_dealt":3827,"minecraft:swim_one_cm":554,"minecraft:fly_one_cm":590896,"minecraft:open_chest":3,"minecraft:crouch_one_cm":1956,"minecraft:play_time":51030,"tombstone:undead_killed":10,"minecraft:sneak_time":2126,"minecraft:walk_under_water_one_cm":614,"minecraft:jump":136,"minecraft:leave_game":9,"minecraft:time_since_death":51030,"minecraft:walk_on_water_one_cm":1644,"minecraft:total_world_time":51030,"minecraft:damage_resisted":91,"minecraft:fall_one_cm":1067},"minecraft:killed":{"cataclysm:wadjet":1,"cataclysm:koboleton":9},"minecraft:dropped":{"iceandfire:armor_sapphire_boots":1,"mekanism:mekasuit_pants":1,"iceandfire:raw_silver":2,"butcher:dragonscalearmor_helmet":1,"iceandfire:armor_sapphire_chestplate":2,"mekanism:mekasuit_helmet":2,"butcher:dragonscalearmor_boots":1,"butcher:dragonscalearmor_leggings":1,"minecraft:birch_sapling":1,"mekanism:mekasuit_bodyarmor":1,"mekanism:mekasuit_boots":1,"italianbrainrotsforzaken:tralalero_tralala_spawn_egg":1,"mekanism:raw_lead":1,"minecraft:string":2,"iceandfire:armor_sapphire_leggings":1,"butcher:dragonscalearmor_chestplate":1},"minecraft:used":{"butcher:dragonscalearmor_boots":1,"alexscaves:green_soylent":1,"iceandfire:armor_sapphire_chestplate":2,"minecraft:flint_and_steel":10,"minecraft:chest":1,"iceandfire:armor_sapphire_helmet":1,"ad_astra:launch_pad":1,"minecraft:diamond_sword":59,"butcher:dragonscalearmor_leggings":1,"butcher:dragonscalearmor_chestplate":1,"ad_astra:tier_4_rocket":1,"alexscaves:nuclear_bomb":5,"butcher:dragonscalearmor_helmet":1,"minecraft:enchanted_golden_apple":2,"minecraft:splash_potion":1,"italianbrainrotsforzaken:tralalero_tralala_spawn_egg":1}},"DataVersion":3465}