{"stats":{"minecraft:dropped":{"iceandfire:dragonsteel_lightning_helmet":2,"moblassos:hostile_lasso":1,"minecraft:blackstone":2,"minecraft:birch_planks":2,"minecraft:oak_trapdoor":1,"alexsmobs:animal_dictionary":1,"illagerinvasion:inquisitor_spawn_egg":1,"minecraft:ender_pearl":1,"minecraft:bowl":1,"aether:golden_gloves":3,"minecraft:obsidian":1,"minecraft:rotten_flesh":2,"inka:coca":198,"iceandfire:dragonsteel_fire_chestplate":1,"minecraft:oak_planks":6,"aether:phoenix_chestplate":1,"travelersbackpack:pig":1,"iceandfire:dragonsteel_lightning_chestplate":2,"moblassos:diamond_lasso":1,"alexscaves:caramel_apple":64,"moblassos:golden_lasso":2,"minecraft:spruce_door":1,"dungeonnowloading:spawner_fragment":8,"wom:diamond_staff":1,"cataclysm:tidal_claws":1,"illagerinvasion:platinum_chunk":2,"artifacts:snorkel":1,"iceandfire:dragonsteel_fire_leggings":1,"iceandfire:dragonsteel_fire_helmet":1,"iceandfire:dragonsteel_lightning_leggings":2,"moblassos:creative_lasso":1,"born_in_chaos_v1:corpse_maggot":2,"aether:phoenix_leggings":1,"block_factorys_bosses:frozen_fist":1,"minecraft:chain":1,"aether:phoenix_helmet":1,"aether:holy_sword":1,"travelersbackpack:skeleton":1,"lightmanscurrency:coin_iron":18,"minecraft:arrow":2,"iceandfire:dragonsteel_fire_boots":1,"mekanismtools:iron_paxel":1,"minecraft:netherrack":14,"iceandfire:dragonsteel_lightning_boots":1,"aether:phoenix_boots":2,"regions_unexplored:cobalt_roots":2},"minecraft:used":{"mekanism:scuba_tank":1,"minecraft:oak_trapdoor":4,"minecraft:spruce_door":3,"minecraft:flint_and_steel":4,"aquamirae:maw_spawn_egg":1,"minecraft:oak_planks":17,"minecraft:blackstone":15,"minecraft:zombie_spawn_egg":2,"aether:phoenix_leggings":1,"minecraft:netherrack":6,"illagerinvasion:inquisitor_spawn_egg":29,"aquamirae:spinefish_spawn_egg":1,"minecraft:obsidian":36,"sons_of_sins:shape_shifting_tool":1,"born_in_chaos_v1:supreme_measure":4,"minecraft:packed_ice":2,"minecraft:lantern":3,"netherexp:netherite_plated_block":2,"aether:holy_sword":3,"aquamirae:anglerfish_spawn_egg":1,"block_factorys_bosses:yeti_spawn_egg":1,"mekanism:scuba_mask":1},"minecraft:custom":{"minecraft:interact_with_furnace":1,"minecraft:mob_kills":7,"minecraft:leave_game":2,"minecraft:time_since_death":99389,"minecraft:climb_one_cm":288,"minecraft:time_since_rest":99389,"minecraft:sprint_one_cm":51018,"minecraft:damage_taken":20,"minecraft:walk_one_cm":100668,"minecraft:drop":236,"minecraft:damage_dealt":1743,"minecraft:fly_one_cm":697405,"minecraft:open_chest":5,"minecraft:crouch_one_cm":4223,"minecraft:play_time":99389,"tombstone:undead_killed":2,"minecraft:sneak_time":4118,"minecraft:walk_under_water_one_cm":32531,"minecraft:jump":283,"minecraft:walk_on_water_one_cm":4969,"minecraft:total_world_time":99389,"minecraft:fall_one_cm":478,"minecraft:inspect_dispenser":1},"minecraft:mined":{"regions_unexplored:cobalt_roots":1},"minecraft:picked_up":{"born_in_chaos_v1:corpse_maggot":2,"illagerinvasion:platinum_chunk":2,"minecraft:tripwire_hook":1,"minecraft:leather":3,"minecraft:birch_planks":2,"minecraft:chain":1,"minecraft:oak_trapdoor":1,"regions_unexplored:cobalt_roots":2,"iceandfire:dragonsteel_lightning_leggings":1,"inka:coca":66,"born_in_chaos_v1:intoxicating_decoction":2,"minecraft:bone":1,"dungeonnowloading:spawner_fragment":8,"travelersbackpack:pig":1,"iceandfire:dragonsteel_lightning_helmet":1,"aether:phoenix_helmet":1,"aether:phoenix_leggings":1,"lightmanscurrency:coin_iron":18,"minecraft:oak_planks":5,"moblassos:hostile_lasso":1,"aether:phoenix_boots":2,"minecraft:quartz":5,"minecraft:bowl":2,"iceandfire:dragonsteel_lightning_chestplate":1,"moblassos:golden_lasso":2,"block_factorys_bosses:frozen_fist":1,"aether:golden_gloves":1,"minecraft:spruce_door":3,"lightmanscurrency:coin_copper":25,"epicfight:diamond_tachi":1,"minecraft:arrow":2,"minecraft:rotten_flesh":5,"lightmanscurrency:coin_gold":2,"moblassos:diamond_lasso":1,"minecraft:netherrack":22},"minecraft:killed":{"minecraft:piglin":1,"block_factorys_bosses:yeti":1,"minecraft:skeleton":1,"minecraft:zombie":1,"born_in_chaos_v1:corpse_fly":2}},"DataVersion":3465}