{"stats":{"minecraft:dropped":{"relics:hunter_belt":1},"minecraft:custom":{"minecraft:open_barrel":2,"minecraft:open_chest":4,"minecraft:time_since_rest":25437,"minecraft:damage_dealt":58,"minecraft:crouch_one_cm":703,"minecraft:leave_game":4,"minecraft:play_time":25437,"minecraft:sprint_one_cm":60772,"minecraft:damage_taken":200,"minecraft:time_since_death":25437,"minecraft:walk_one_cm":23574,"minecraft:sneak_time":1103,"minecraft:total_world_time":25437,"minecraft:fall_one_cm":695,"minecraft:talked_to_villager":10,"minecraft:drop":1,"minecraft:fly_one_cm":450219,"minecraft:jump":128}},"DataVersion":3465}