{"stats":{"minecraft:dropped":{"alienevo:prototype_omnitrix":1,"minecraft:iron_sword":4,"minecraft:oak_log":1,"alexscaves:curly_fern":2,"thermal_shock:cobbled_shale":25,"travelersbackpack:bee":1,"cataclysm:the_incinerator":2,"italianbrainrotsforzaken:armor_italian_boots":2,"relics:infinity_ham":1,"vinery:white_grape_seeds":17,"minecraft:lantern":1,"snatched:lasso":1,"butcher:pillagerdisguise_helmet":1,"stalwart_dungeons:warted_tungsten_boots":3,"italianbrainrotsforzaken:la_esok_sekolah_spawn_egg":1,"iceandfire:dragonsteel_ice_chestplate":1,"neapolitan:strawberry_milkshake":1,"block_factorys_bosses:dragon_bones_boots":1,"minecraft:red_mushroom":4,"minecraft:emerald":2,"minecraft:dirt":40,"artifacts:novelty_drinking_hat":1,"snatched:ropeitem":4,"block_factorys_bosses:knight_leggings":1,"iceandfire:armor_silver_metal_leggings":1,"moblassos:creative_lasso":1,"alienevo:prototype_omnitrix_red":1,"minecraft:netherite_boots":1,"alexscaves:cave_map":3,"iceandfire:armor_silver_metal_helmet":1,"alexsmobs:emu_leggings":1,"minecraft:dark_oak_planks":1,"endermanoverhaul:snowy_hood":1,"minecraft:oak_door":1,"cataclysm:crystallized_coral":2,"minecraft:note_block":1,"hangglider:hang_glider":3,"alexscaves:thornwood_boat":3,"minecraft:cobbled_deepslate":128,"minecraft:nether_brick":192,"minecraft:netherite_sword":1,"minecraft:obsidian":8,"born_in_chaos_v1:ethereal_spirit":1,"faz_roleplay_plus:black_suit_leggings":1,"inka:coca":392,"minecraft:oak_planks":4,"armoroftheages:centurion_armor_legs":1,"minecraft:carrot":2,"block_factorys_bosses:dragon_bone":1,"travelersbackpack:hay":1,"regions_unexplored:blue_magnolia_leaves":1,"alexsmobs:crocodile_chestplate":1,"regions_unexplored:peat_dirt":4,"iceandfire:armor_silver_metal_boots":1,"cataclysm:ignitium_helmet":1,"minecraft:skeleton_skull":1,"minecraft:charcoal":2,"born_in_chaos_v1:corpse_maggot":1,"block_factorys_bosses:knight_boots":2,"alexscaves:spawn_egg_grottoceratops":1,"faz_roleplay_plus:black_suit_chestplate":1,"block_factorys_bosses:knight_chestplate":1,"vinery:wandering_winemaker_spawn_egg":1,"illageandspillage:totem_of_banishment":1,"alexscaves:primordial_helmet":1,"block_factorys_bosses:dragon_bones_chestplate":1,"butcher:pillagerdisguise_boots":1,"cataclysm:bone_reptile_helmet":1,"iceandfire:dragonsteel_ice_boots":1,"minecraft:wheat_seeds":2,"alexsmobs:unsettling_kimono":1,"minecraft:polished_blackstone":2,"aquamirae:terrible_helmet":1,"block_factorys_bosses:dragon_bones_leggings":1,"stalwart_dungeons:warted_tungsten_leggings":1,"minecraft:netherite_chestplate":1,"minecraft:netherite_helmet":1,"minecraft:iron_helmet":2,"butcher:pillagerdisguise_leggings":1,"minecraft:tropical_fish":1,"minecraft:grass_block":2,"mowziesmobs:wrought_axe":1,"minecraft:polished_blackstone_stairs":6,"alexsmobs:roadrunner_boots":2,"minecraft:stick":1,"alexsmobs:froststalker_helmet":1,"minecraft:deepslate_brick_stairs":1,"illagerinvasion:platinum_chunk":1,"minecraft:milk_bucket":1,"minecraft:torch":2,"armoroftheages:centurion_armor_chest":1,"italianbrainrotsforzaken:zapatos_tralalero":2,"iceandfire:dragonsteel_ice_leggings":1,"born_in_chaos_v1:fused_bone":2,"italianbrainrotsforzaken:bate_tung":2,"iceandfire:armor_silver_metal_chestplate":1,"tombstone:grave_dust":3,"minecraft:iron_leggings":1,"alexscaves:limestone":232,"mowziesmobs:wrought_helmet":1,"dungeonnowloading:spawner_helmet":2,"iceandfire:dragonsteel_ice_helmet":2,"minecraft:paper":65,"minecraft:string":1,"aether:sentry_boots":1,"block_factorys_bosses:knight_helmet":1,"artifacts:bunny_hoppers":1,"alexscaves:primordial_pants":1,"minecraft:blaze_rod":64,"wom:satsujin":1,"butcher:netherite_butchers_knife":4,"block_factorys_bosses:wall_torch":1,"minecraft:iron_boots":1,"minecraft:villager_spawn_egg":1,"alexscaves:cave_codex":1,"alexsmobs:frontier_cap":1,"automobility:steep_slope":1,"epicfight:netherite_dagger":2,"faz_roleplay_plus:ugly_sweater_chestplate":1,"italianbrainrotsforzaken:oracalero_espada":2,"minecraft:nether_bricks":24,"minecraft:shears":2,"dungeonnowloading:spawner_fragment":5,"minecraft:netherite_leggings":1,"butcher:pillagerdisguise_chestplate":1,"mekanismtools:steel_sword":1,"stalwart_dungeons:warted_tungsten_chestplate":1,"minecraft:stone":3,"alexscaves:primordial_tunic":1,"minecraft:peony":4,"minecraft:iron_chestplate":1,"mekanism:canteen":1,"aquamirae:remnants_saber":2,"artifacts:eternal_steak":1,"minecraft:carved_pumpkin":1,"minecraft:sandstone":9,"lightmanscurrency:coin_iron":1,"wom:diamond_greataxe":1,"minecraft:wooden_pickaxe":1,"born_in_chaos_v1:supreme_measure":3,"butcher:cooked_dragon_meat":75},"minecraft:killed":{"cataclysm:the_prowler":1,"alexsmobs:enderiophage":1,"minecraft:cod":5,"italianbrainrotsforzaken:tralalerita":1,"creeperoverhaul:mushroom_creeper":1,"italianbrainrotsforzaken:capuchinitos":1,"italianbrainrotsforzaken:expresonna_signora":1,"minecraft:iron_golem":6,"minecraft:pillager":3,"minecraft:zombie":2,"born_in_chaos_v1:dread_hound":2,"cataclysm:deepling":1,"born_in_chaos_v1:corpse_fly":12,"alexsmobs:fly":1,"italianbrainrotsforzaken:trulimerito":2,"iceandfire:sea_serpent":1,"minecraft:cow":1,"italianbrainrotsforzaken:brr_brrpatapimsitos":2,"cataclysm:ignited_revenant":1,"italianbrainrotsforzaken:cocodrilito":2,"alexsmobs:raccoon":1,"minecraft:vindicator":1,"alexsmobs:seagull":1,"minecraft:slime":3,"born_in_chaos_v1:maggot":4,"minecraft:phantom":2,"italianbrainrotsforzaken:lirilito":3,"vinery:mule":1,"illageandspillage:magispeller":1,"illageandspillage:illashooter":2,"born_in_chaos_v1:corpse_fish":4,"illageandspillage:dispenser":2,"alexsmobs:flying_fish":1,"cataclysm:the_watcher":7,"born_in_chaos_v1:swarmer":1,"minecraft:rabbit":1,"illageandspillage:trick_or_treat":7,"iceandfire:ghost":8,"born_in_chaos_v1:dark_vortex":1,"cataclysm:ignis":1,"italianbrainrotsforzaken:tumtumsitochurro":1,"minecraft:villager":1},"minecraft:used":{"wom:satsujin":2,"italianbrainrotsforzaken:tripa_tropa_tralala_lirilira_tung_tung_sahur_boneca_tung_tung_tralalero_tripi_tropa_crocodina_spawn_egg":2,"alexscaves:spawn_egg_relicheirus":2,"minecraft:stone":21,"minecraft:zombie_spawn_egg":35,"customnpcs:npcwand":2,"beachparty:sunglasses":1,"minecraft:nether_bricks":3,"minecraft:carrot":2,"minecraft:obsidian":109,"automobility:steep_slope":38,"automobility:dash_panel":3,"minecraft:villager_spawn_egg":2,"minecraft:lantern":9,"minecraft:grass_block":8,"wom:diamond_staff":123,"wom:tormented_mind":2,"italianbrainrotsforzaken:bate_tung":156,"alexscaves:thornwood_boat":1,"faz_roleplay_plus:creeper_mask_helmet":1,"italianbrainrotsforzaken:armor_italian_boots":2,"tombstone:smoke_ball":2,"italianbrainrotsforzaken:boneca_ambalabu_spawn_egg":1,"moblassos:creative_lasso":2,"minecraft:crossbow":22,"cataclysm:black_steel_sword":9,"minecraft:deepslate_brick_stairs":10,"automobility:auto_mechanic_table":1,"minecraft:bread":1,"vinery:kelp_cider":1,"regions_unexplored:blue_magnolia_leaves":1,"tombstone:grave_key":2,"thermal_shock:loqendia":2,"minecraft:evoker_spawn_egg":1,"snatched:handcufftable":1,"tombstone:decorative_subaraki_grave":1,"epicfight:diamond_longsword":1,"illageandspillage:freakager_spawn_egg":1,"minecraft:trident":39,"faz_roleplay_plus:nun_cosplay_chestplate":1,"minecraft:flint_and_steel":14,"minecraft:carved_pumpkin":21,"minecraft:tropical_fish":1,"alexsmobs:spawn_egg_enderiophage":2,"italianbrainrotsforzaken:garamararamararaman_spawn_egg":2,"block_factorys_bosses:knight_sword":28,"minecraft:dirt":8,"inka:coca":11,"block_factorys_bosses:soul_skeleton_spawn_egg":1,"born_in_chaos_v1:supreme_measure":58,"wom:ender_blaster":82,"alienevo:omnitrix_workbench":1,"neapolitan:strawberry_scones":1,"italianbrainrotsforzaken:ballerina_capuchina_spawn_egg":1,"epicfight:iron_greatsword":2,"tombstone:dark_marble_stairs":1,"minecraft:iron_block":69,"minecraft:iron_axe":5,"stalwart_dungeons:warted_tungsten_boots":1,"block_factorys_bosses:underworld_knight_spawn_egg":1,"alexscaves:spawn_egg_grottoceratops":4,"minecraft:golden_carrot":2,"tombstone:gift":3,"minecraft:cobbled_deepslate":5,"italianbrainrotsforzaken:tralalero_tralala_spawn_egg":2,"minecraft:water_bucket":1,"regions_unexplored:peat_dirt":4,"minecraft:vindicator_spawn_egg":2,"italianbrainrotsforzaken:la_esok_sekolah_spawn_egg":1,"minecraft:crafting_table":2,"minecraft:white_bed":1,"illageandspillage:magispeller_spawn_egg":2,"mowziesmobs:wrought_axe":1,"dungeonnowloading:spawner_helmet":1,"minecraft:oak_log":1,"minecraft:apple":2,"epicfight:netherite_dagger":3,"butcher:cooked_dragon_meat":10,"italianbrainrotsforzaken:oracalero_espada":16,"beachparty:floaty_boat":5,"minecraft:cobblestone":5,"minecraft:pillager_spawn_egg":12},"minecraft:killed_by":{"minecraft:player":2},"minecraft:mined":{"minecraft:oak_planks":4,"minecraft:grass":5,"minecraft:dark_oak_leaves":2,"minecraft:hay_block":13},"minecraft:picked_up":{"stalwart_dungeons:warted_tungsten_boots":2,"alexscaves:tough_hide":1,"illagerinvasion:platinum_chunk":1,"minecraft:nether_brick_fence":1,"minecraft:enchanted_book":1,"minecraft:nether_brick":128,"tombstone:grave_key":1,"minecraft:string":1,"block_factorys_bosses:wall_torch":1,"minecraft:cobbled_deepslate":128,"butcher:cooked_dragon_meat":33,"minecraft:cobblestone_slab":6,"hangglider:hang_glider":1,"thermal_shock:cobbled_shale":25,"minecraft:stick":5,"alexscaves:thornwood_boat":2,"minecraft:polished_blackstone_stairs":9,"minecraft:torch":1,"block_factorys_bosses:knight_boots":1,"iceandfire:deathworm_red_chestplate":1,"butcher:cookedendermankidney":1,"tombstone:grave_dust":6,"minecraft:cactus":4,"minecraft:rotten_flesh":2,"minecraft:tropical_fish":3,"alexsmobs:capsid":1,"alienevo:prototype_omnitrix_red":1,"minecraft:blackstone_stairs":5,"minecraft:obsidian":6,"alexsmobs:flying_fish":1,"minecraft:cobblestone":174,"italianbrainrotsforzaken:armor_italian_boots":6,"minecraft:wither_skeleton_skull":1,"minecraft:dirt":41,"dungeonnowloading:spawner_helmet":1,"minecraft:lantern":1,"minecraft:wheat_seeds":2,"travelersbackpack:bee":1,"minecraft:oak_planks":8,"butcher:netherite_butchers_knife":3,"patchouli:guide_book":1,"block_factorys_bosses:dragon_bone":1,"alienevo:prototype_omnitrix":1,"alexsmobs:animal_dictionary":1,"born_in_chaos_v1:supreme_measure":2,"minecraft:emerald":1,"minecraft:bread":2,"beachparty:melon_cocktail":1,"minecraft:charcoal":2,"minecraft:crafting_table":3,"minecraft:wooden_pickaxe":1,"alexscaves:cave_codex":1,"minecraft:iron_axe":1,"dungeonnowloading:spawner_fragment":5,"minecraft:poppy":2,"aquamirae:remnants_saber":1,"endergetic:bolloom_balloon":4,"faz_roleplay_plus:black_suit_leggings":1,"minecraft:sandstone":9,"minecraft:oak_door":1,"tombstone:readable_scroll":1,"minecraft:carrot":4,"minecraft:dark_oak_planks":1,"minecraft:arrow":6,"block_factorys_bosses:knight_sword":1,"vinery:kelp_cider":1,"minecraft:peony":4,"minecraft:nether_bricks":30,"minecraft:shears":2,"vinery:white_grape_seeds":17,"minecraft:hay_block":13,"snatched:ropeitem":4,"minecraft:polished_blackstone":3,"italianbrainrotsforzaken:reloj_lirili":2,"born_in_chaos_v1:fused_bone":2,"born_in_chaos_v1:corpse_maggot":4,"regions_unexplored:peat_dirt":4,"minecraft:golden_carrot":2,"artifacts:eternal_steak":1,"iceandfire:dragonsteel_ice_helmet":1,"minecraft:red_mushroom":4,"alexscaves:limestone":336,"minecraft:oak_log":1,"iceandfire:ectoplasm":1,"italianbrainrotsforzaken:bate_tung":2,"faz_roleplay_plus:black_suit_chestplate":1,"minecraft:paper":1,"inka:coca":3,"minecraft:iron_ingot":18,"alexscaves:curly_fern":2,"minecraft:glass_bottle":1,"lightmanscurrency:coin_iron":1,"minecraft:iron_sword":1,"cataclysm:crystallized_coral":1,"born_in_chaos_v1:ethereal_spirit":1,"born_in_chaos_v1:dark_rod":1,"lightmanscurrency:coin_copper":59,"minecraft:slime_ball":8,"lightmanscurrency:coin_gold":10,"italianbrainrotsforzaken:zapatos_tralalero":3,"cataclysm:the_incinerator":2,"alexscaves:cave_map":4,"illageandspillage:totem_of_banishment":1,"italianbrainrotsforzaken:oracalero_espada":1},"minecraft:custom":{"minecraft:interact_with_crafting_table":3,"minecraft:open_barrel":5,"minecraft:leave_game":22,"minecraft:time_since_death":113517,"minecraft:damage_resisted":21,"minecraft:sprint_one_cm":898694,"minecraft:drop":829,"minecraft:talked_to_villager":6,"minecraft:play_time":718373,"minecraft:deaths":5,"minecraft:jump":2410,"minecraft:walk_on_water_one_cm":68507,"minecraft:interact_with_loom":2,"minecraft:sleep_in_bed":3,"tombstone:sneak_grave":2,"minecraft:damage_dealt":24451,"minecraft:player_kills":4,"minecraft:crouch_one_cm":26529,"tombstone:undead_killed":15,"tombstone:villager_killed":1,"minecraft:horse_one_cm":713,"minecraft:interact_with_smithing_table":3,"minecraft:mob_kills":103,"minecraft:damage_dealt_resisted":120,"minecraft:climb_one_cm":2054,"minecraft:walk_one_cm":1322883,"minecraft:damage_dealt_absorbed":708,"minecraft:sneak_time":30970,"minecraft:walk_under_water_one_cm":219945,"minecraft:boat_one_cm":256555,"minecraft:total_world_time":718373,"tombstone:raider_killed":8,"minecraft:time_since_rest":113545,"minecraft:damage_taken":13085,"minecraft:damage_absorbed":96,"minecraft:trigger_trapped_chest":1,"minecraft:swim_one_cm":40880,"minecraft:fly_one_cm":5286019,"minecraft:open_chest":9,"minecraft:fall_one_cm":51050},"minecraft:broken":{"iceandfire:deathworm_red_chestplate":1,"stalwart_dungeons:warted_tungsten_boots":1},"minecraft:crafted":{"minecraft:crafting_table":1,"travelersbackpack:bee":4}},"DataVersion":3465}