{"stats":{"minecraft:killed":{"italianbrainrotsforzaken:garamararamararaman":1,"cataclysm:wadjet":1,"cataclysm:koboleton":9},"minecraft:used":{"alexscaves:quarry_smasher":10,"alexscaves:green_soylent":1,"iceandfire:armor_sapphire_chestplate":2,"minecraft:flint_and_steel":10,"born_in_chaos_v1:great_reaper_axe":1,"minecraft:chest":1,"minecraft:stone":39,"iceandfire:armor_sapphire_helmet":1,"minecraft:terracotta":46,"ad_astra:tier_4_rocket":2,"butcher:dragonscalearmor_helmet":1,"butcher:dragonscalearmor_boots":1,"ad_astra:launch_pad":2,"minecraft:diamond_sword":64,"minecraft:cobblestone":1,"butcher:dragonscalearmor_leggings":1,"minecraft:andesite":1,"butcher:dragonscalearmor_chestplate":1,"alexscaves:magnetic_light":12,"alexscaves:nuclear_bomb":5,"alexscaves:quarry":4,"italianbrainrotsforzaken:tralalero_tralala_spawn_egg":1,"minecraft:enchanted_golden_apple":2,"minecraft:splash_potion":1},"minecraft:custom":{"minecraft:mob_kills":12,"minecraft:leave_game":10,"minecraft:time_since_death":72740,"minecraft:damage_resisted":91,"minecraft:time_since_rest":72740,"minecraft:sprint_one_cm":63933,"minecraft:walk_one_cm":73894,"minecraft:damage_taken":268,"minecraft:damage_absorbed":218,"minecraft:drop":67,"minecraft:damage_dealt":4373,"minecraft:swim_one_cm":554,"minecraft:fly_one_cm":773186,"minecraft:open_chest":4,"minecraft:crouch_one_cm":2897,"minecraft:play_time":72740,"tombstone:undead_killed":10,"minecraft:sneak_time":3433,"minecraft:walk_under_water_one_cm":2135,"minecraft:jump":199,"minecraft:walk_on_water_one_cm":4451,"minecraft:total_world_time":72740,"minecraft:fall_one_cm":1067},"minecraft:picked_up":{"mekanism:raw_lead":1,"minecraft:andesite":11,"minecraft:diamond_sword":4,"iceandfire:armor_sapphire_leggings":1,"alexscaves:azure_neodymium_ingot":5,"minecraft:string":2,"mekanism:mekasuit_helmet":2,"cataclysm:koboleton_bone":8,"alexscaves:scarlet_neodymium_ingot":3,"cataclysm:khopesh":1,"minecraft:birch_sapling":1,"minecraft:stone":1,"mekanism:mekasuit_boots":1,"mekanism:mekasuit_bodyarmor":1,"iceandfire:armor_sapphire_chestplate":1,"mekanism:mekasuit_pants":1,"minecraft:sand":5,"tombstone:grave_dust":2,"mekanism:raw_tin":2,"ad_astra:ostrum_block":1,"cataclysm:ancient_metal_ingot":3,"iceandfire:armor_sapphire_boots":1,"cataclysm:ancient_metal_nugget":6,"tombstone:magic_scroll":1,"iceandfire:raw_silver":2,"minecraft:cobblestone":29},"minecraft:dropped":{"italianbrainrotsforzaken:reloj_lirili":1,"mekanism:mekasuit_pants":1,"iceandfire:raw_silver":2,"iceandfire:armor_sapphire_chestplate":2,"mekanism:mekasuit_helmet":2,"alexsmobs:animal_dictionary":1,"minecraft:birch_sapling":1,"mekanism:mekasuit_bodyarmor":1,"mekanism:mekasuit_boots":1,"minecraft:cobblestone":29,"patchouli:guide_book":1,"iceandfire:armor_sapphire_boots":1,"butcher:dragonscalearmor_helmet":1,"minecraft:stone":2,"ad_astra:ostrum_block":2,"butcher:dragonscalearmor_boots":1,"butcher:dragonscalearmor_leggings":1,"minecraft:andesite":11,"italianbrainrotsforzaken:tralalero_tralala_spawn_egg":1,"mekanism:raw_lead":1,"minecraft:string":2,"iceandfire:armor_sapphire_leggings":1,"butcher:dragonscalearmor_chestplate":1}},"DataVersion":3465}