{"stats":{"minecraft:killed":{"italianbrainrotsforzaken:garamararamararaman":1,"cataclysm:wadjet":1,"cataclysm:koboleton":9},"minecraft:used":{"butcher:dragonscalearmor_boots":1,"alexscaves:green_soylent":1,"iceandfire:armor_sapphire_chestplate":2,"minecraft:flint_and_steel":10,"minecraft:chest":1,"iceandfire:armor_sapphire_helmet":1,"ad_astra:launch_pad":2,"minecraft:diamond_sword":64,"butcher:dragonscalearmor_leggings":1,"butcher:dragonscalearmor_chestplate":1,"alexscaves:nuclear_bomb":5,"ad_astra:tier_4_rocket":2,"butcher:dragonscalearmor_helmet":1,"minecraft:enchanted_golden_apple":2,"minecraft:splash_potion":1,"italianbrainrotsforzaken:tralalero_tralala_spawn_egg":1},"minecraft:custom":{"minecraft:time_since_rest":60740,"minecraft:damage_taken":268,"minecraft:damage_absorbed":218,"minecraft:sprint_one_cm":62452,"minecraft:walk_one_cm":53067,"minecraft:mob_kills":12,"minecraft:drop":23,"minecraft:damage_dealt":4247,"minecraft:swim_one_cm":554,"minecraft:fly_one_cm":706068,"minecraft:open_chest":4,"minecraft:crouch_one_cm":2322,"minecraft:play_time":60740,"tombstone:undead_killed":10,"minecraft:sneak_time":2684,"minecraft:walk_under_water_one_cm":614,"minecraft:jump":166,"minecraft:leave_game":10,"minecraft:time_since_death":60740,"minecraft:walk_on_water_one_cm":1735,"minecraft:total_world_time":60740,"minecraft:damage_resisted":91,"minecraft:fall_one_cm":1067},"minecraft:picked_up":{"iceandfire:armor_sapphire_chestplate":1,"mekanism:mekasuit_boots":1,"mekanism:mekasuit_bodyarmor":1,"mekanism:raw_lead":1,"iceandfire:armor_sapphire_leggings":1,"minecraft:diamond_sword":4,"mekanism:mekasuit_pants":1,"tombstone:grave_dust":2,"minecraft:string":2,"mekanism:mekasuit_helmet":2,"cataclysm:koboleton_bone":8,"ad_astra:ostrum_block":1,"cataclysm:ancient_metal_ingot":3,"cataclysm:ancient_metal_nugget":6,"iceandfire:armor_sapphire_boots":1,"cataclysm:khopesh":1,"tombstone:magic_scroll":1,"minecraft:birch_sapling":1,"iceandfire:raw_silver":2},"minecraft:dropped":{"italianbrainrotsforzaken:reloj_lirili":1,"iceandfire:armor_sapphire_boots":1,"mekanism:mekasuit_pants":1,"iceandfire:raw_silver":2,"butcher:dragonscalearmor_helmet":1,"ad_astra:ostrum_block":2,"iceandfire:armor_sapphire_chestplate":2,"mekanism:mekasuit_helmet":2,"butcher:dragonscalearmor_boots":1,"butcher:dragonscalearmor_leggings":1,"minecraft:birch_sapling":1,"mekanism:mekasuit_bodyarmor":1,"mekanism:mekasuit_boots":1,"italianbrainrotsforzaken:tralalero_tralala_spawn_egg":1,"mekanism:raw_lead":1,"minecraft:string":2,"iceandfire:armor_sapphire_leggings":1,"butcher:dragonscalearmor_chestplate":1}},"DataVersion":3465}