{"stats":{"minecraft:dropped":{"vinery:wandering_winemaker_spawn_egg":1,"minecraft:stone":1,"alexscaves:thornwood_boat":3},"minecraft:used":{"alienevo:omnitrix_workbench":1,"minecraft:villager_spawn_egg":2,"automobility:auto_mechanic_table":1,"minecraft:flint_and_steel":2,"alexscaves:thornwood_boat":1,"minecraft:crossbow":22,"minecraft:white_bed":1,"minecraft:stone":3},"minecraft:picked_up":{"lightmanscurrency:coin_copper":25,"alexscaves:thornwood_boat":2,"minecraft:arrow":2,"minecraft:bread":1},"minecraft:custom":{"minecraft:time_since_rest":24181,"minecraft:open_chest":2,"minecraft:crouch_one_cm":2747,"minecraft:sprint_one_cm":94867,"minecraft:play_time":98976,"tombstone:undead_killed":2,"minecraft:walk_one_cm":64321,"minecraft:sneak_time":3533,"minecraft:walk_under_water_one_cm":10399,"minecraft:mob_kills":6,"minecraft:drop":5,"minecraft:boat_one_cm":18303,"tombstone:villager_killed":1,"minecraft:jump":167,"tombstone:raider_killed":3,"minecraft:damage_dealt":308,"minecraft:leave_game":5,"minecraft:walk_on_water_one_cm":1399,"minecraft:time_since_death":98976,"minecraft:sleep_in_bed":1,"minecraft:total_world_time":98976,"minecraft:talked_to_villager":2,"minecraft:fly_one_cm":587363,"minecraft:horse_one_cm":696},"minecraft:killed":{"minecraft:vindicator":1,"minecraft:pillager":2,"minecraft:zombie":2,"minecraft:villager":1}},"DataVersion":3465}