{"stats":{"minecraft:picked_up":{"iceandfire:armor_sapphire_chestplate":1,"mekanism:mekasuit_boots":1,"mekanism:raw_lead":1,"mekanism:mekasuit_bodyarmor":1,"minecraft:diamond_sword":4,"iceandfire:armor_sapphire_leggings":1,"mekanism:mekasuit_pants":1,"tombstone:grave_dust":2,"mekanism:mekasuit_helmet":2,"cataclysm:koboleton_bone":8,"cataclysm:ancient_metal_ingot":3,"cataclysm:ancient_metal_nugget":6,"iceandfire:armor_sapphire_boots":1,"cataclysm:khopesh":1,"tombstone:magic_scroll":1,"minecraft:birch_sapling":1,"iceandfire:raw_silver":2},"minecraft:used":{"butcher:dragonscalearmor_boots":1,"alexscaves:green_soylent":1,"iceandfire:armor_sapphire_chestplate":2,"minecraft:flint_and_steel":8,"minecraft:chest":1,"iceandfire:armor_sapphire_helmet":1,"minecraft:diamond_sword":59,"butcher:dragonscalearmor_leggings":1,"butcher:dragonscalearmor_chestplate":1,"alexscaves:nuclear_bomb":4,"minecraft:enchanted_golden_apple":2,"butcher:dragonscalearmor_helmet":1,"minecraft:splash_potion":1,"italianbrainrotsforzaken:tralalero_tralala_spawn_egg":1},"minecraft:dropped":{"iceandfire:armor_sapphire_boots":1,"mekanism:mekasuit_pants":1,"iceandfire:raw_silver":2,"butcher:dragonscalearmor_helmet":1,"iceandfire:armor_sapphire_chestplate":2,"mekanism:mekasuit_helmet":2,"butcher:dragonscalearmor_boots":1,"butcher:dragonscalearmor_leggings":1,"minecraft:birch_sapling":1,"mekanism:mekasuit_bodyarmor":1,"mekanism:mekasuit_boots":1,"italianbrainrotsforzaken:tralalero_tralala_spawn_egg":1,"mekanism:raw_lead":1,"iceandfire:armor_sapphire_leggings":1,"butcher:dragonscalearmor_chestplate":1},"minecraft:custom":{"minecraft:time_since_rest":39706,"minecraft:damage_absorbed":218,"minecraft:damage_taken":268,"minecraft:sprint_one_cm":30745,"minecraft:walk_one_cm":33048,"minecraft:mob_kills":10,"minecraft:drop":18,"minecraft:damage_dealt":3752,"minecraft:swim_one_cm":554,"minecraft:fly_one_cm":393170,"minecraft:open_chest":3,"minecraft:crouch_one_cm":1065,"minecraft:play_time":39706,"tombstone:undead_killed":10,"minecraft:sneak_time":1200,"minecraft:walk_under_water_one_cm":614,"minecraft:jump":114,"minecraft:leave_game":8,"minecraft:walk_on_water_one_cm":1644,"minecraft:time_since_death":39706,"minecraft:damage_resisted":91,"minecraft:total_world_time":39706,"minecraft:fall_one_cm":1067},"minecraft:killed":{"cataclysm:wadjet":1,"cataclysm:koboleton":9}},"DataVersion":3465}