{"stats":{"minecraft:picked_up":{"mekanismtools:lapis_lazuli_chestplate":1,"minecraft:acacia_fence":1,"mekanismtools:lapis_lazuli_helmet":1,"minecraft:andesite":11,"patchouli:guide_book":1,"minecraft:bowl":2,"minecraft:lead":1,"mekanismtools:lapis_lazuli_boots":1,"minecraft:diorite":12,"minecraft:dirt":5,"lightmanscurrency:item_capacity_upgrade_1":1,"minecraft:lantern":5,"minecraft:orange_terracotta":3,"minecraft:rotten_flesh":1,"iceandfire:pixie_jar_empty":1,"minecraft:gold_nugget":13,"mekanismtools:lapis_lazuli_leggings":1,"minecraft:granite":10,"minecraft:yellow_terracotta":1,"minecraft:end_rod":11,"neapolitan:banana_bread":1,"lightmanscurrency:atm":1,"minecraft:iron_boots":1,"minecraft:cobblestone":65},"minecraft:killed":{"minecraft:zombie_villager":1},"minecraft:dropped":{"lightmanscurrency:item_capacity_upgrade_1":2,"minecraft:dirt":1,"neapolitan:banana":64,"relics:hunter_belt":1,"aether:iron_gloves":1,"iceandfire:pixie_jar_empty":1,"alexsmobs:animal_dictionary":1,"minecraft:bowl":1,"neapolitan:mint_ice_cream":1,"minecraft:andesite":11,"neapolitan:banana_bread":1,"minecraft:yellow_terracotta":1,"minecraft:cobblestone":3,"minecraft:lead":1,"beachparty:bikini":1,"minecraft:gold_nugget":13,"minecraft:iron_boots":2,"mekanismtools:lapis_lazuli_chestplate":2,"mekanismtools:lapis_lazuli_helmet":2,"minecraft:grass_block":1,"patchouli:guide_book":1,"mekanismtools:lapis_lazuli_leggings":2,"mekanismtools:lapis_lazuli_boots":2},"minecraft:custom":{"minecraft:time_since_rest":70706,"minecraft:sprint_one_cm":93067,"minecraft:damage_taken":210,"minecraft:walk_one_cm":99826,"minecraft:mob_kills":1,"minecraft:drop":116,"minecraft:damage_dealt":107,"minecraft:interact_with_crafting_table":1,"minecraft:talked_to_villager":11,"minecraft:fly_one_cm":727316,"minecraft:open_barrel":5,"minecraft:open_chest":7,"minecraft:crouch_one_cm":2554,"minecraft:play_time":70706,"tombstone:undead_killed":1,"minecraft:sneak_time":3308,"minecraft:walk_under_water_one_cm":579,"minecraft:jump":264,"minecraft:leave_game":7,"minecraft:time_since_death":70706,"minecraft:walk_on_water_one_cm":1682,"minecraft:total_world_time":70706,"minecraft:climb_one_cm":1537,"minecraft:fall_one_cm":914},"minecraft:used":{"lightmanscurrency:atm":1,"minecraft:flint_and_steel":1,"minecraft:grass_block":9,"neapolitan:banana_bread":1,"mutantmonsters:mutant_zombie_spawn_egg":2,"minecraft:dirt":1,"moblassos:creative_lasso":2,"alexscaves:nuclear_bomb":2,"creeperoverhaul:savannah_creeper_spawn_egg":3,"minecraft:splash_potion":86}},"DataVersion":3465}