{"stats":{"minecraft:dropped":{"aether:holy_sword":1,"aether:phoenix_helmet":1,"aether:phoenix_chestplate":1,"alexscaves:caramel_apple":64,"aether:phoenix_boots":2,"aether:phoenix_leggings":1},"minecraft:used":{"minecraft:packed_ice":2,"minecraft:flint_and_steel":1,"netherexp:netherite_plated_block":2,"aether:holy_sword":3,"minecraft:obsidian":17},"minecraft:custom":{"minecraft:time_since_rest":27708,"minecraft:crouch_one_cm":448,"minecraft:sprint_one_cm":8438,"minecraft:play_time":27708,"minecraft:walk_one_cm":11866,"minecraft:sneak_time":223,"minecraft:walk_under_water_one_cm":266,"minecraft:mob_kills":2,"minecraft:drop":70,"minecraft:jump":22,"minecraft:damage_dealt":127,"minecraft:leave_game":1,"minecraft:walk_on_water_one_cm":11,"minecraft:time_since_death":27708,"minecraft:total_world_time":27708,"minecraft:fly_one_cm":39944},"minecraft:picked_up":{"aether:phoenix_boots":1},"minecraft:killed":{"born_in_chaos_v1:corpse_fly":2}},"DataVersion":3465}