{"stats":{"minecraft:custom":{"minecraft:jump":11,"minecraft:time_since_rest":15860,"minecraft:leave_game":1,"minecraft:crouch_one_cm":258,"minecraft:sprint_one_cm":4809,"minecraft:play_time":15860,"minecraft:walk_on_water_one_cm":11,"minecraft:time_since_death":15860,"minecraft:walk_one_cm":2839,"minecraft:sneak_time":119,"minecraft:total_world_time":15860,"minecraft:walk_under_water_one_cm":266,"minecraft:fly_one_cm":30147},"minecraft:used":{"netherexp:netherite_plated_block":2,"minecraft:packed_ice":2}},"DataVersion":3465}