{"stats":{"minecraft:custom":{"minecraft:time_since_rest":59643,"minecraft:open_chest":2,"minecraft:crouch_one_cm":1010,"minecraft:sprint_one_cm":39179,"minecraft:play_time":59643,"minecraft:walk_one_cm":13591,"minecraft:sneak_time":2017,"minecraft:walk_under_water_one_cm":10399,"minecraft:mob_kills":3,"minecraft:boat_one_cm":18303,"minecraft:jump":95,"tombstone:raider_killed":3,"minecraft:leave_game":3,"minecraft:walk_on_water_one_cm":1203,"minecraft:time_since_death":59643,"minecraft:total_world_time":59643,"minecraft:talked_to_villager":1,"minecraft:fly_one_cm":428779,"minecraft:horse_one_cm":696},"minecraft:picked_up":{"lightmanscurrency:coin_copper":24,"minecraft:arrow":2},"minecraft:killed":{"minecraft:vindicator":1,"minecraft:pillager":2},"minecraft:used":{"alexscaves:thornwood_boat":1,"minecraft:crossbow":11}},"DataVersion":3465}