{"stats":{"minecraft:dropped":{"inka:coca":133,"aether:holy_sword":1,"aether:phoenix_helmet":1,"aether:phoenix_chestplate":1,"cataclysm:tidal_claws":1,"minecraft:blackstone":2,"alexscaves:caramel_apple":64,"mekanismtools:iron_paxel":1,"aether:golden_gloves":3,"minecraft:obsidian":1,"aether:phoenix_boots":2,"aether:phoenix_leggings":1},"minecraft:used":{"minecraft:netherrack":6,"minecraft:packed_ice":2,"minecraft:flint_and_steel":3,"minecraft:blackstone":15,"netherexp:netherite_plated_block":2,"aether:holy_sword":3,"minecraft:obsidian":36,"sons_of_sins:shape_shifting_tool":1},"minecraft:custom":{"minecraft:open_chest":4,"minecraft:time_since_rest":51708,"minecraft:damage_taken":20,"minecraft:interact_with_furnace":1,"minecraft:crouch_one_cm":2234,"minecraft:sprint_one_cm":21053,"minecraft:play_time":51708,"minecraft:walk_one_cm":38021,"minecraft:sneak_time":1650,"minecraft:walk_under_water_one_cm":266,"minecraft:mob_kills":4,"minecraft:drop":85,"minecraft:jump":133,"minecraft:damage_dealt":246,"minecraft:leave_game":1,"minecraft:walk_on_water_one_cm":11,"minecraft:time_since_death":51708,"minecraft:climb_one_cm":288,"minecraft:total_world_time":51708,"minecraft:fall_one_cm":478,"minecraft:fly_one_cm":201316},"minecraft:mined":{"regions_unexplored:cobalt_roots":1},"minecraft:picked_up":{"aether:phoenix_boots":1,"aether:golden_gloves":1,"minecraft:netherrack":22,"inka:coca":65},"minecraft:killed":{"minecraft:piglin":1,"born_in_chaos_v1:corpse_fly":2}},"DataVersion":3465}