{"stats":{"minecraft:dropped":{"camera:image_frame":1},"minecraft:used":{"securitycraft:reinforced_glass":8,"dawnoftimebuilder:lattice_glass":4,"securitycraft:reinforced_polished_diorite":137,"securitycraft:reinforced_ice":3,"minecraft:hopper":2,"securitycraft:keypad_chest":1},"minecraft:custom":{"minecraft:jump":27,"minecraft:time_since_rest":9473,"minecraft:crouch_one_cm":1069,"minecraft:leave_game":1,"minecraft:play_time":9473,"minecraft:sprint_one_cm":1793,"minecraft:time_since_death":9473,"minecraft:walk_on_water_one_cm":1442,"minecraft:walk_one_cm":17833,"minecraft:sneak_time":433,"minecraft:total_world_time":9473,"minecraft:climb_one_cm":671,"minecraft:drop":1,"minecraft:fly_one_cm":55640},"minecraft:picked_up":{"camera:image_frame":1}},"DataVersion":3465}