{"stats":{"minecraft:picked_up":{"lightmanscurrency:item_capacity_upgrade_1":1,"minecraft:dirt":1},"minecraft:dropped":{"lightmanscurrency:item_capacity_upgrade_1":2,"relics:hunter_belt":1,"minecraft:grass_block":1},"minecraft:custom":{"minecraft:open_barrel":5,"minecraft:time_since_rest":34257,"minecraft:open_chest":4,"minecraft:crouch_one_cm":1077,"minecraft:sprint_one_cm":72238,"minecraft:play_time":34257,"minecraft:damage_taken":200,"minecraft:walk_one_cm":47424,"minecraft:sneak_time":1588,"minecraft:drop":4,"minecraft:jump":172,"minecraft:damage_dealt":67,"minecraft:leave_game":4,"minecraft:time_since_death":34257,"minecraft:walk_on_water_one_cm":173,"minecraft:total_world_time":34257,"minecraft:climb_one_cm":384,"minecraft:talked_to_villager":10,"minecraft:fall_one_cm":695,"minecraft:fly_one_cm":510199},"minecraft:used":{"minecraft:grass_block":9}},"DataVersion":3465}