{"stats":{"minecraft:killed_by":{"minecraft:player":4},"minecraft:used":{"minecraft:moss_carpet":1,"minecraft:stone_sword":38,"born_in_chaos_v1:ethereal_spirit":20,"minecraft:stone_pickaxe":17,"minecraft:chest":1,"minecraft:wooden_pickaxe":3,"minecraft:dirt":12,"inka:coca":5,"minecraft:crafting_table":6,"mowziesmobs:wrought_axe":1,"minecraft:milk_bucket":1,"born_in_chaos_v1:sea_terror_eye":2,"minecraft:dark_oak_planks":8,"alienevo:omnitrix_workbench":1,"minecraft:bread":5,"endermanoverhaul:snowy_hood":2,"sons_of_sins:flesh_of_demise":1,"faz_roleplay_plus:ugly_sweater_chestplate":1,"minecraft:stone_axe":6,"minecraft:cobblestone":5,"born_in_chaos_v1:rotten_fish":2,"tombstone:gift":2,"minecraft:potato":3},"minecraft:custom":{"minecraft:mob_kills":17,"tombstone:raider_killed":1,"minecraft:interact_with_crafting_table":6,"minecraft:bell_ring":1,"minecraft:leave_game":7,"minecraft:time_since_death":9177,"minecraft:sleep_in_bed":2,"minecraft:climb_one_cm":4140,"minecraft:damage_resisted":31,"minecraft:time_since_rest":9384,"minecraft:sprint_one_cm":244170,"minecraft:damage_taken":7315,"minecraft:walk_one_cm":653634,"minecraft:trigger_trapped_chest":1,"minecraft:drop":13,"minecraft:damage_dealt":4145,"minecraft:play_time":170163,"minecraft:crouch_one_cm":1294,"minecraft:swim_one_cm":46455,"minecraft:talked_to_villager":4,"minecraft:player_kills":2,"minecraft:fly_one_cm":601536,"minecraft:open_chest":14,"tombstone:undead_killed":8,"minecraft:deaths":10,"minecraft:sneak_time":709,"minecraft:walk_under_water_one_cm":27413,"minecraft:jump":2019,"minecraft:walk_on_water_one_cm":16350,"minecraft:total_world_time":170163,"minecraft:fall_one_cm":75705,"minecraft:horse_one_cm":1144},"minecraft:killed":{"vinery:wandering_winemaker":1,"alexsmobs:raccoon":1,"born_in_chaos_v1:glutton_fish":1,"minecraft:iron_golem":1,"born_in_chaos_v1:scarlet_persecutor":1,"minecraft:skeleton":1,"minecraft:pillager":1,"born_in_chaos_v1:decaying_zombie":1,"vinery:mule":1,"minecraft:zombie":3,"sons_of_sins:betrayed_guzzler":1,"iceandfire:ghost":3,"born_in_chaos_v1:corpse_fly":1},"minecraft:picked_up":{"born_in_chaos_v1:corpse_maggot":5,"minecraft:crafting_table":4,"born_in_chaos_v1:seedof_chaos":1,"minecraft:lead":2,"minecraft:wooden_pickaxe":10,"minecraft:potato":2,"minecraft:oak_log":1,"italianbrainrotsforzaken:bate_tung":1,"mowziesmobs:wrought_axe":1,"minecraft:string":4,"minecraft:dirt":12,"minecraft:moss_carpet":1,"inka:coca":5,"minecraft:bone":4,"minecraft:kelp":2,"minecraft:wheat_seeds":5,"minecraft:gold_nugget":1,"alienevo:omnitrix_workbench":1,"minecraft:iron_ingot":9,"minecraft:iron_nugget":1,"relics:infinity_ham":1,"hangglider:hang_glider":2,"lightmanscurrency:coin_iron":10,"minecraft:chest":1,"endergetic:bolloom_balloon":10,"minecraft:furnace":2,"endermanoverhaul:snowy_hood":2,"minecraft:stick":1,"minecraft:milk_bucket":1,"born_in_chaos_v1:ethereal_spirit":4,"snatched:lasso":1,"born_in_chaos_v1:pieceofdarkmetal":4,"alienevo:prototype_omnitrix":1,"minecraft:dark_oak_log":7,"sons_of_sins:flesh_of_demise":1,"minecraft:dark_oak_planks":56,"lightmanscurrency:coin_emerald":1,"wom:diamond_greataxe":1,"lightmanscurrency:coin_copper":31,"born_in_chaos_v1:supreme_measure":1,"minecraft:stone_sword":1,"faz_roleplay_plus:ugly_sweater_chestplate":1,"minecraft:arrow":3,"minecraft:rotten_flesh":20,"minecraft:slime_ball":2,"minecraft:stone_axe":2,"born_in_chaos_v1:sea_terror_eye":2,"minecraft:hay_block":7,"born_in_chaos_v1:spiny_shell":1,"minecraft:emerald":2,"snatched:ropeitem":2,"born_in_chaos_v1:rotten_fish":10,"born_in_chaos_v1:sea_terror_stomach":1,"minecraft:cobblestone":26,"minecraft:ender_pearl":1},"minecraft:dropped":{"alienevo:prototype_omnitrix":1,"minecraft:wheat_seeds":2,"hangglider:hang_glider":1,"minecraft:rotten_flesh":1,"minecraft:cobblestone":1,"minecraft:oak_planks":4,"snatched:handcuff_chestplate":1,"tombstone:grave_key":3,"born_in_chaos_v1:supreme_measure":1,"endermanoverhaul:snowy_hood":1},"minecraft:mined":{"minecraft:dark_oak_planks":1,"minecraft:dark_oak_leaves":1,"minecraft:kelp_plant":1,"minecraft:dark_oak_log":5,"minecraft:crafting_table":4,"minecraft:grass_block":6,"minecraft:chest":1,"minecraft:tall_grass":2,"minecraft:spruce_leaves":1,"minecraft:hay_block":7,"minecraft:wheat":1,"minecraft:moss_carpet":1,"regions_unexplored:frozen_grass":1,"alienevo:omnitrix_workbench":1,"minecraft:grass":1,"minecraft:potatoes":1,"minecraft:oak_log":1,"minecraft:vine":1,"minecraft:gravel":1,"minecraft:dirt":3,"regions_unexplored:medium_grass":3,"minecraft:stone":20,"minecraft:oak_leaves":2,"minecraft:fern":2},"minecraft:crafted":{"minecraft:oak_planks":4,"minecraft:crafting_table":2,"minecraft:wooden_pickaxe":1,"minecraft:furnace":1,"minecraft:stone_axe":1,"minecraft:bread":21,"minecraft:stick":8,"minecraft:stone_pickaxe":1,"minecraft:stone_sword":1,"minecraft:dark_oak_planks":28,"minecraft:wheat":63}},"DataVersion":3465}