{"stats":{"minecraft:custom":{"minecraft:jump":23,"minecraft:time_since_rest":14446,"minecraft:damage_dealt":12,"minecraft:leave_game":1,"minecraft:play_time":14446,"minecraft:damage_taken":20,"minecraft:time_since_death":14446,"minecraft:walk_one_cm":7074,"minecraft:total_world_time":14446,"minecraft:fall_one_cm":209,"minecraft:fly_one_cm":95},"minecraft:used":{"warleryshq:piklo_female_contract":1,"alexsmobs:animal_dictionary":1,"warleryshq:abandonated_machinegun_crate":1,"warleryshq:earlygamebox":1},"minecraft:picked_up":{"warleryshq:wooden_machine_gun_contract":1,"warleryshq:piklo_female_contract":2,"warleryshq:piklo_male_contract":2,"warleryshq:dearcommander":1,"warleryshq:turret_gear":1,"warleryshq:abandonated_machinegun_crate":1,"warleryshq:gearcrate":1},"minecraft:mined":{"warleryshq:abandonated_machinegun_crate":1,"warleryshq:earlygamebox":1}},"DataVersion":3465}