{"stats":{"minecraft:custom":{"minecraft:time_since_rest":3621,"minecraft:play_time":22974,"minecraft:sprint_one_cm":9059,"minecraft:damage_taken":364,"minecraft:walk_one_cm":19211,"minecraft:deaths":1,"minecraft:sneak_time":120,"minecraft:walk_under_water_one_cm":10822,"tombstone:tomb_raiding":1,"minecraft:damage_dealt_resisted":4,"minecraft:jump":99,"minecraft:damage_dealt":49,"minecraft:leave_game":4,"minecraft:time_since_death":3592,"minecraft:walk_on_water_one_cm":3819,"minecraft:total_world_time":22974,"minecraft:swim_one_cm":13416,"minecraft:fall_one_cm":2980,"minecraft:fly_one_cm":16447},"minecraft:used":{"warleryshq:wooden_machine_gun_contract":1,"minecraft:trident":6,"minecraft:dirt":2,"warleryshq:piklo_male_contract":2,"tombstone:magic_scroll":1,"alexsmobs:animal_dictionary":1,"warleryshq:piklo_female_contract":2,"minecraft:bone_meal":1,"warleryshq:abandonated_machinegun_crate":1,"warleryshq:earlygamebox":1,"warleryshq:gearcrate":1},"minecraft:picked_up":{"warleryshq:wooden_machine_gun_contract":1,"warleryshq:gear":2,"warleryshq:dearcommander":1,"warleryshq:abandonated_machinegun_crate":1,"minecraft:iron_ingot":4,"minecraft:bone_meal":1,"warleryshq:basic_lifestone":2,"warleryshq:piklo_female_contract":2,"warleryshq:piklo_male_contract":2,"warleryshq:turret_gear":1,"warleryshq:blowerturretcontract":1,"minecraft:dirt":2,"warleryshq:gearcrate":1},"minecraft:mined":{"minecraft:grass":2,"minecraft:grass_block":2,"warleryshq:earlygamebox":1,"warleryshq:abandonated_machinegun_crate":1,"warleryshq:gearcrate":1}},"DataVersion":3465}