{"stats":{"minecraft:dropped":{"minecraft:stone_axe":1,"minecraft:decorated_pot":2,"minecraft:lantern":1,"minecraft:lily_pad":1},"minecraft:killed":{"minecraft:cave_spider":2,"minecraft:witch":1,"minecraft:skeleton":1,"alexsmobs:crocodile":1,"minecraft:zombie":2,"born_in_chaos_v1:corpse_fly":2},"minecraft:custom":{"minecraft:mob_kills":9,"minecraft:inspect_hopper":1,"tombstone:raider_killed":1,"minecraft:interact_with_crafting_table":4,"minecraft:open_barrel":1,"minecraft:time_since_death":773,"minecraft:sleep_in_bed":1,"minecraft:climb_one_cm":7023,"minecraft:time_since_rest":797,"minecraft:sprint_one_cm":74546,"minecraft:damage_taken":1449,"minecraft:walk_one_cm":50677,"minecraft:drop":5,"minecraft:damage_dealt":1266,"minecraft:fly_one_cm":77177,"minecraft:open_chest":9,"minecraft:crouch_one_cm":2316,"minecraft:deaths":5,"minecraft:play_time":30673,"tombstone:undead_killed":3,"minecraft:sneak_time":1154,"minecraft:jump":329,"minecraft:walk_on_water_one_cm":5823,"minecraft:total_world_time":30673,"minecraft:fall_one_cm":5276},"minecraft:picked_up":{"born_in_chaos_v1:corpse_maggot":2,"minecraft:crafting_table":1,"minecraft:mud_bricks":1,"minecraft:black_bed":2,"minecraft:packed_mud":1,"minecraft:lily_pad":1,"minecraft:gunpowder":1,"minecraft:string":7,"minecraft:lantern":1,"dungeonnowloading:spawner_fragment":9,"minecraft:spruce_planks":11,"camera:image":1,"lightmanscurrency:coin_iron":11,"hexerei:mixing_cauldron":1,"minecraft:dark_oak_slab":3,"minecraft:stripped_spruce_log":1,"minecraft:dark_oak_log":4,"minecraft:spider_eye":1,"alexsmobs:crocodile_scute":1,"lightmanscurrency:coin_copper":40,"hexerei:mahogany_slab":2,"minecraft:rotten_flesh":1,"minecraft:decorated_pot":5,"minecraft:stone_axe":1,"hexerei:herb_jar":1,"minecraft:dark_oak_wood":3,"minecraft:skeleton_skull":1,"minecraft:cobblestone":3},"minecraft:used":{"minecraft:stone_sword":22,"minecraft:wooden_pickaxe":7,"minecraft:vex_spawn_egg":41,"minecraft:rotten_flesh":1,"minecraft:crafting_table":1,"hexerei:herb_jar":1,"minecraft:black_bed":1,"born_in_chaos_v1:corpse_maggot":2,"hexerei:blood_bottle":1,"minecraft:dark_oak_planks":9,"minecraft:bread":1,"minecraft:dark_oak_slab":3,"hexerei:mahogany_slab":2,"minecraft:mud_bricks":1,"minecraft:stone_axe":32,"hexerei:mixing_cauldron":1,"hexerei:tallow_bottle":2,"tombstone:gift":2},"minecraft:crafted":{"minecraft:crafting_table":1,"minecraft:wooden_pickaxe":1,"minecraft:stone_axe":1,"minecraft:bread":1,"minecraft:stick":4,"minecraft:dark_oak_planks":20},"minecraft:mined":{"hexerei:herb_jar":1,"hexerei:willow_vines":1,"minecraft:spruce_planks":11,"hexerei:flowering_lily_pad":1,"minecraft:dark_oak_log":4,"minecraft:crafting_table":1,"minecraft:dark_oak_wood":3,"hexerei:mahogany_slab":2,"minecraft:decorated_pot":3,"minecraft:lily_pad":1,"minecraft:mud_bricks":1,"minecraft:spawner":1,"minecraft:skeleton_skull":1,"minecraft:seagrass":1,"minecraft:dark_oak_slab":3,"minecraft:packed_mud":1,"minecraft:stripped_spruce_log":5,"minecraft:black_bed":2,"minecraft:cave_vines":1,"minecraft:cobweb":6,"hexerei:mixing_cauldron":1,"hexerei:willow_vines_plant":2,"minecraft:stone":3,"minecraft:oak_leaves":2}},"DataVersion":3465}