{"stats":{"minecraft:mined":{"alexscaves:spelunkery_table":4,"iceandfire:silver_ore":4,"minecraft:dark_oak_log":25,"alexscaves:limestone":237,"minecraft:granite":6,"minecraft:budding_amethyst":1,"minecraft:dark_oak_fence":8,"minecraft:grass_block":17,"alexscaves:pewen_log":2,"alexscaves:pewen_branch":1,"minecraft:light_gray_bed":2,"minecraft:moss_block":1,"minecraft:sandstone":9,"minecraft:large_fern":1,"minecraft:packed_mud":1,"minecraft:furnace":1,"minecraft:iron_ore":2,"minecraft:peony":3,"minecraft:deepslate_iron_ore":5,"alexscaves:ambersol":2,"alexscaves:curly_fern":1,"minecraft:stone":527,"alexscaves:amber":10,"alexscaves:dinosaur_chop":1,"minecraft:crafting_table":4,"minecraft:calcite":21,"mekanism:tin_ore":2,"minecraft:copper_ore":10,"minecraft:amethyst_block":7,"minecraft:deepslate_copper_ore":2,"minecraft:light_gray_wool":4,"minecraft:tnt":1,"minecraft:coal_ore":38,"minecraft:mycelium":12,"alexscaves:cycad":2,"minecraft:gravel":1,"minecraft:dirt":44,"minecraft:smooth_basalt":35,"minecraft:red_mushroom_block":1,"minecraft:deepslate":128,"minecraft:fern":2},"minecraft:custom":{"minecraft:mob_kills":31,"minecraft:interact_with_crafting_table":42,"minecraft:open_barrel":2,"minecraft:damage_dealt_resisted":209,"minecraft:leave_game":4,"minecraft:time_since_death":18603,"minecraft:sprint_one_cm":102528,"minecraft:walk_one_cm":92737,"minecraft:drop":67,"minecraft:talked_to_villager":12,"minecraft:play_time":106219,"minecraft:deaths":1,"minecraft:sneak_time":1980,"minecraft:walk_under_water_one_cm":23966,"minecraft:boat_one_cm":245383,"tombstone:tomb_raiding":2,"minecraft:jump":890,"minecraft:walk_on_water_one_cm":17055,"minecraft:total_world_time":106219,"minecraft:interact_with_furnace":17,"tombstone:raider_killed":6,"minecraft:interact_with_loom":7,"minecraft:sleep_in_bed":2,"minecraft:time_since_rest":17573,"minecraft:damage_taken":5161,"minecraft:damage_absorbed":467,"minecraft:damage_dealt":9313,"tombstone:cast_on_ally":2,"minecraft:swim_one_cm":35076,"minecraft:fly_one_cm":186469,"minecraft:open_chest":11,"minecraft:crouch_one_cm":3580,"tombstone:undead_killed":1,"minecraft:fall_one_cm":28208},"minecraft:crafted":{"minecraft:stone_shovel":9,"minecraft:cobblestone_slab":6,"vanillaplustools:stone_hammer":2,"minecraft:dark_oak_boat":1,"minecraft:furnace":1,"alexscaves:pewen_planks":8,"alexscaves:cave_map":1,"lightmanscurrency:wallet_iron":1,"minecraft:dark_oak_door":3,"minecraft:stone_pickaxe":18,"vanillaplustools:stone_shovel":1,"minecraft:dark_oak_planks":100,"iceandfire:silver_axe":1,"iceandfire:silver_ingot":4,"minecraft:crafting_table":2,"minecraft:wooden_pickaxe":1,"minecraft:air":0,"minecraft:light_gray_bed":1,"lightmanscurrency:wallet_leather":1,"minecraft:stick":80,"minecraft:iron_ingot":1,"minecraft:stone_sword":1,"wom:iron_staff":1,"tombstone:bone_needle":1},"minecraft:picked_up":{"minecraft:crafting_table":4,"minecraft:iron_chestplate":1,"alexscaves:tough_hide":1,"illagerinvasion:platinum_chunk":1,"alexsmobs:emu_leggings":1,"minecraft:lead":2,"minecraft:amethyst_block":28,"iceandfire:sea_serpent_scales_blue":9,"alexscaves:cave_codex":1,"minecraft:string":13,"minecraft:raw_copper":43,"alexscaves:dinosaur_chop":1,"minecraft:cobbled_deepslate":150,"beachparty:floaty_boat":1,"minecraft:beef":12,"butcher:cooked_dragon_meat":64,"minecraft:calcite":21,"minecraft:light_gray_wool":5,"aquamirae:remnants_saber":1,"minecraft:furnace":1,"minecraft:raw_iron":7,"alexscaves:cycad":2,"alexscaves:primordial_pants":1,"alexscaves:primordial_helmet":1,"minecraft:stone_button":1,"mekanism:raw_tin":2,"alexsmobs:roadrunner_boots":3,"lightmanscurrency:coin_emerald":1,"minecraft:tnt":1,"minecraft:arrow":5,"minecraft:light_gray_bed":2,"minecraft:stone_shovel":6,"alexscaves:spelunkery_table":4,"minecraft:carved_pumpkin":1,"alexsmobs:frontier_cap":3,"minecraft:cobblestone":468,"alexscaves:pewen_log":2,"iceandfire:sea_serpent_fang":2,"born_in_chaos_v1:monster_flesh":8,"minecraft:leather":4,"alexsmobs:bison_fur":2,"alexsmobs:crocodile_chestplate":1,"cataclysm:coral_spear":1,"alexscaves:ambersol":2,"minecraft:dirt":73,"minecraft:paper":64,"alexscaves:amber":5,"inka:coca":64,"alexsmobs:unsettling_kimono":1,"born_in_chaos_v1:monster_skin":5,"minecraft:bone":5,"minecraft:stone_pickaxe":5,"alexscaves:curly_fern":1,"lightmanscurrency:coin_iron":5,"minecraft:smooth_basalt":47,"minecraft:gravel":1,"born_in_chaos_v1:fangofthe_hound_leader":1,"minecraft:dark_oak_log":25,"lightmanscurrency:coin_copper":4,"minecraft:stone_axe":1,"mekanismtools:steel_sword":1,"lightmanscurrency:coin_gold":17,"alexscaves:primordial_tunic":1,"minecraft:emerald":9,"alexscaves:cave_map":5,"iceandfire:raw_silver":4,"minecraft:dark_oak_fence":7,"minecraft:coal":38},"minecraft:killed":{"minecraft:vindicator":1,"born_in_chaos_v1:dire_hound_leader":1,"italianbrainrotsforzaken:capuchinas":1,"alexsmobs:bison":2,"alexsmobs:skelewag":1,"italianbrainrotsforzaken:capuchinitos":2,"italianbrainrotsforzaken:elefante_bananini":1,"italianbrainrotsforzaken:tatatata_sahur":1,"minecraft:wandering_trader":1,"minecraft:trader_llama":2,"minecraft:pillager":5,"italianbrainrotsforzaken:tralalerito":1,"born_in_chaos_v1:dread_hound":2,"minecraft:glow_squid":1,"italianbrainrotsforzaken:trulimerito":2,"alexscaves:grottoceratops":1,"alexscaves:vallumraptor":5,"italianbrainrotsforzaken:brr_brrpatapimsitos":1},"minecraft:broken":{"cataclysm:coral_spear":1,"alexsmobs:emu_leggings":1,"vanillaplustools:stone_hammer":1},"minecraft:dropped":{"alexsmobs:unsettling_kimono":1,"minecraft:glass_bottle":1,"alexscaves:curly_fern":1,"minecraft:cobblestone":111,"minecraft:amethyst_block":28,"alexsmobs:bison_fur":2,"alexsmobs:roadrunner_boots":1,"minecraft:stick":1,"born_in_chaos_v1:monster_flesh":8,"minecraft:dirt":29,"illagerinvasion:platinum_chunk":1,"minecraft:stone_button":1,"minecraft:dark_oak_fence":1,"alexscaves:cave_map":6,"alexscaves:cycad":2,"minecraft:bone":4,"minecraft:smooth_basalt":47,"minecraft:gravel":1,"minecraft:stone_axe":1,"minecraft:stone_sword":1,"minecraft:cobbled_deepslate":84,"alexscaves:amber":5,"alexscaves:cave_tablet":4,"alexscaves:tough_hide":1,"minecraft:stone_shovel":6,"minecraft:light_gray_wool":1,"alexscaves:cave_codex":1,"iceandfire:deathworm_red_chestplate":1,"alexsmobs:frontier_cap":2,"mekanism:raw_tin":2,"minecraft:cobblestone_slab":6,"minecraft:iron_chestplate":1,"born_in_chaos_v1:fangofthe_hound_leader":1,"iceandfire:silver_ingot":1,"minecraft:carved_pumpkin":1,"minecraft:beef":12,"minecraft:arrow":5,"minecraft:wooden_pickaxe":1,"minecraft:stone_pickaxe":6,"minecraft:calcite":21},"minecraft:used":{"minecraft:stone_sword":11,"vanillaplustools:stone_hammer":132,"minecraft:dirt":4,"inka:coca":29,"alexscaves:ambersol":2,"iceandfire:deathworm_red_chestplate":2,"alexscaves:spelunkery_table":3,"minecraft:dark_oak_boat":1,"minecraft:furnace":2,"cataclysm:coral_spear":9,"tombstone:gift":3,"minecraft:cobbled_deepslate":2,"minecraft:light_gray_bed":2,"alexscaves:dinosaur_chop":1,"minecraft:stone_pickaxe":44,"minecraft:wooden_pickaxe":15,"alexsmobs:roadrunner_boots":1,"aquamirae:remnants_saber":17,"minecraft:crafting_table":6,"alexscaves:cave_book":8,"vanillaplustools:stone_shovel":10,"alexsmobs:crocodile_chestplate":1,"iceandfire:silver_axe":53,"mekanismtools:steel_sword":107,"minecraft:dark_oak_door":3,"butcher:cooked_dragon_meat":5,"beachparty:floaty_boat":1,"minecraft:cobblestone":17,"minecraft:potion":1,"alexsmobs:animal_dictionary":1}},"DataVersion":3465}