{"stats":{"minecraft:dropped":{"minecraft:moss_carpet":1,"minecraft:stone_axe":1,"minecraft:spore_blossom":1,"minecraft:decorated_pot":5,"minecraft:lantern":1,"minecraft:cobblestone_stairs":3,"minecraft:torch":1,"tombstone:grave_dust":1,"minecraft:stone_bricks":1,"minecraft:sugar":8,"dungeonnowloading:spawner_frame":2,"minecraft:lily_pad":1},"minecraft:killed":{"minecraft:cave_spider":5,"minecraft:witch":2,"minecraft:skeleton":5,"alexsmobs:crocodile":1,"minecraft:zombie":3,"born_in_chaos_v1:corpse_fly":2},"minecraft:custom":{"minecraft:mob_kills":22,"minecraft:inspect_hopper":1,"tombstone:raider_killed":2,"minecraft:interact_with_crafting_table":17,"minecraft:open_barrel":38,"minecraft:time_since_death":11639,"minecraft:sleep_in_bed":1,"minecraft:climb_one_cm":7884,"minecraft:time_since_rest":11670,"minecraft:sprint_one_cm":138798,"minecraft:damage_taken":1841,"minecraft:walk_one_cm":107873,"minecraft:drop":18,"minecraft:damage_dealt":3659,"minecraft:swim_one_cm":829,"minecraft:fly_one_cm":111726,"minecraft:open_chest":18,"minecraft:crouch_one_cm":3870,"minecraft:deaths":6,"minecraft:play_time":54673,"tombstone:undead_killed":9,"minecraft:sneak_time":1864,"minecraft:walk_under_water_one_cm":723,"minecraft:jump":516,"minecraft:walk_on_water_one_cm":8906,"minecraft:total_world_time":54673,"minecraft:fall_one_cm":8819,"minecraft:inspect_dispenser":4},"minecraft:picked_up":{"minecraft:wheat":7,"born_in_chaos_v1:corpse_maggot":2,"minecraft:crafting_table":2,"minecraft:mud_bricks":1,"minecraft:black_bed":2,"minecraft:packed_mud":1,"minecraft:oak_log":2,"minecraft:lily_pad":1,"minecraft:cobblestone_stairs":3,"minecraft:gunpowder":2,"minecraft:moss_carpet":1,"minecraft:string":28,"minecraft:lantern":3,"minecraft:bone":5,"dungeonnowloading:spawner_fragment":94,"minecraft:stone_bricks":7,"minecraft:cracked_stone_bricks":1,"minecraft:wheat_seeds":1,"minecraft:candle":9,"minecraft:spore_blossom":2,"minecraft:spruce_planks":11,"minecraft:mossy_stone_bricks":1,"minecraft:moss_block":4,"camera:image":1,"lightmanscurrency:coin_iron":16,"hexerei:mixing_cauldron":1,"minecraft:dark_oak_slab":3,"dungeonnowloading:spawner_frame":2,"minecraft:torch":6,"minecraft:amethyst_shard":48,"minecraft:stripped_spruce_log":9,"tombstone:grave_dust":1,"minecraft:dark_oak_log":4,"minecraft:spider_eye":4,"minecraft:mossy_cobblestone":1,"alexsmobs:crocodile_scute":1,"lightmanscurrency:coin_copper":53,"hexerei:mahogany_slab":2,"minecraft:rotten_flesh":2,"minecraft:decorated_pot":7,"minecraft:stone_axe":1,"hexerei:herb_jar":1,"minecraft:hay_block":15,"minecraft:glow_berries":11,"minecraft:dark_oak_wood":3,"minecraft:iron_bars":1,"minecraft:skeleton_skull":1,"minecraft:cobblestone":5},"minecraft:used":{"minecraft:moss_block":3,"minecraft:mossy_stone_bricks":1,"minecraft:stone_sword":38,"dungeonnowloading:spawner_leggings":1,"minecraft:oak_planks":8,"minecraft:spruce_planks":11,"minecraft:decorated_pot":1,"minecraft:wooden_pickaxe":60,"minecraft:vex_spawn_egg":41,"minecraft:rotten_flesh":1,"minecraft:cracked_stone_bricks":1,"minecraft:torch":14,"minecraft:glow_berries":18,"minecraft:mossy_cobblestone":1,"epicfight:diamond_spear":43,"minecraft:crafting_table":4,"hexerei:herb_jar":1,"dungeonnowloading:spawner_boots":1,"minecraft:black_bed":1,"born_in_chaos_v1:corpse_maggot":2,"hexerei:blood_bottle":1,"minecraft:dark_oak_planks":9,"minecraft:lantern":6,"minecraft:bread":1,"minecraft:dark_oak_slab":3,"hexerei:mahogany_slab":2,"minecraft:mud_bricks":1,"minecraft:stone_bricks":6,"minecraft:stone_axe":46,"hexerei:mixing_cauldron":1,"minecraft:cobblestone":2,"hexerei:tallow_bottle":2,"tombstone:gift":6,"dungeonnowloading:spawner_chestplate":1},"minecraft:crafted":{"minecraft:oak_planks":8,"minecraft:diamond_sword":1,"dungeonnowloading:spawner_frame":25,"minecraft:crafting_table":2,"minecraft:spruce_planks":4,"minecraft:wooden_pickaxe":1,"epicfight:diamond_spear":1,"minecraft:stone_axe":1,"minecraft:bread":1,"dungeonnowloading:spawner_chestplate":1,"dungeonnowloading:spawner_leggings":1,"minecraft:stick":24,"dungeonnowloading:spawner_boots":3,"minecraft:torch":20,"minecraft:dark_oak_planks":28,"minecraft:wheat":128},"minecraft:mined":{"hexerei:herb_jar":1,"hexerei:willow_vines":1,"minecraft:tuff":1,"minecraft:spruce_planks":11,"hexerei:flowering_lily_pad":1,"minecraft:amethyst_cluster":4,"minecraft:cobblestone_stairs":1,"minecraft:dark_oak_log":4,"minecraft:torch":1,"minecraft:crafting_table":2,"minecraft:cave_vines_plant":1,"minecraft:dark_oak_wood":3,"hexerei:mahogany_slab":2,"minecraft:decorated_pot":4,"minecraft:tall_grass":1,"minecraft:moss_block":5,"minecraft:lily_pad":1,"minecraft:mud_bricks":1,"minecraft:wall_torch":4,"minecraft:spawner":10,"minecraft:skeleton_skull":1,"minecraft:hay_block":15,"minecraft:seagrass":1,"minecraft:dark_oak_slab":3,"minecraft:packed_mud":1,"minecraft:moss_carpet":1,"minecraft:stripped_spruce_log":13,"minecraft:black_bed":2,"minecraft:cave_vines":6,"minecraft:vine":7,"minecraft:iron_bars":1,"minecraft:cobweb":6,"minecraft:azalea_leaves":1,"minecraft:smooth_basalt":2,"minecraft:cracked_stone_bricks":1,"hexerei:mixing_cauldron":1,"minecraft:stone_bricks":6,"hexerei:willow_vines_plant":2,"minecraft:stone":5,"minecraft:mossy_stone_bricks":1,"minecraft:oak_leaves":2,"minecraft:tripwire":18}},"DataVersion":3465}