{"stats":{"minecraft:mined":{"alexscaves:spelunkery_table":2,"iceandfire:silver_ore":4,"minecraft:dark_oak_log":9,"minecraft:crafting_table":3,"mekanism:tin_ore":2,"minecraft:copper_ore":10,"minecraft:furnace":1,"minecraft:tnt":1,"minecraft:peony":3,"minecraft:coal_ore":25,"minecraft:gravel":1,"minecraft:dirt":1,"minecraft:red_mushroom_block":1,"minecraft:stone":316},"minecraft:custom":{"minecraft:interact_with_furnace":5,"minecraft:mob_kills":4,"minecraft:interact_with_crafting_table":10,"minecraft:open_barrel":2,"minecraft:interact_with_loom":4,"minecraft:leave_game":3,"minecraft:time_since_death":58508,"minecraft:time_since_rest":58508,"minecraft:sprint_one_cm":4828,"minecraft:damage_absorbed":49,"minecraft:damage_taken":663,"minecraft:walk_one_cm":23602,"minecraft:drop":21,"minecraft:damage_dealt":1465,"tombstone:cast_on_ally":1,"minecraft:swim_one_cm":28660,"minecraft:talked_to_villager":5,"minecraft:fly_one_cm":7719,"minecraft:crouch_one_cm":813,"minecraft:play_time":58508,"tombstone:undead_killed":1,"minecraft:sneak_time":626,"minecraft:walk_under_water_one_cm":18953,"minecraft:boat_one_cm":147610,"tombstone:tomb_raiding":2,"minecraft:jump":59,"minecraft:walk_on_water_one_cm":8936,"minecraft:total_world_time":58508,"minecraft:fall_one_cm":1223},"minecraft:crafted":{"iceandfire:silver_axe":1,"minecraft:cobblestone_slab":6,"vanillaplustools:stone_hammer":1,"iceandfire:silver_ingot":4,"minecraft:dark_oak_boat":1,"minecraft:crafting_table":1,"minecraft:wooden_pickaxe":1,"minecraft:furnace":1,"alexscaves:cave_map":1,"minecraft:air":0,"minecraft:stick":24,"minecraft:stone_pickaxe":9,"minecraft:stone_sword":1,"minecraft:dark_oak_planks":36},"minecraft:picked_up":{"minecraft:iron_chestplate":1,"minecraft:crafting_table":3,"iceandfire:sea_serpent_fang":2,"minecraft:leather":4,"alexsmobs:emu_leggings":1,"minecraft:lead":2,"alexsmobs:crocodile_chestplate":1,"iceandfire:sea_serpent_scales_blue":9,"alexscaves:cave_codex":1,"minecraft:dirt":1,"minecraft:string":13,"minecraft:paper":64,"minecraft:raw_copper":34,"inka:coca":64,"alexsmobs:unsettling_kimono":1,"minecraft:bone":2,"beachparty:floaty_boat":1,"minecraft:stone_pickaxe":1,"butcher:cooked_dragon_meat":64,"minecraft:furnace":1,"minecraft:gravel":1,"minecraft:stone_button":1,"mekanism:raw_tin":2,"minecraft:dark_oak_log":9,"alexsmobs:roadrunner_boots":1,"minecraft:tnt":1,"minecraft:stone_axe":1,"mekanismtools:steel_sword":1,"lightmanscurrency:coin_gold":1,"alexscaves:spelunkery_table":2,"minecraft:carved_pumpkin":1,"alexscaves:cave_map":5,"alexsmobs:frontier_cap":1,"minecraft:coal":25,"iceandfire:raw_silver":4,"minecraft:cobblestone":284},"minecraft:killed":{"minecraft:wandering_trader":1,"minecraft:trader_llama":2,"alexsmobs:skelewag":1},"minecraft:dropped":{"minecraft:gravel":1,"minecraft:stone_axe":1,"alexsmobs:unsettling_kimono":1,"minecraft:stone_sword":1,"alexscaves:cave_codex":1,"mekanism:raw_tin":2,"minecraft:stick":1,"minecraft:cobblestone_slab":6,"minecraft:dirt":1,"minecraft:stone_button":1,"minecraft:iron_chestplate":1,"minecraft:carved_pumpkin":1,"alexscaves:cave_map":6,"minecraft:wooden_pickaxe":1,"minecraft:stone_pickaxe":2},"minecraft:used":{"minecraft:stone_sword":11,"minecraft:stone_pickaxe":44,"minecraft:wooden_pickaxe":15,"alexsmobs:roadrunner_boots":1,"vanillaplustools:stone_hammer":42,"inka:coca":8,"minecraft:crafting_table":3,"alexscaves:cave_book":8,"iceandfire:silver_axe":5,"mekanismtools:steel_sword":15,"iceandfire:deathworm_red_chestplate":1,"butcher:cooked_dragon_meat":1,"beachparty:floaty_boat":1,"alexscaves:spelunkery_table":1,"minecraft:dark_oak_boat":1,"minecraft:furnace":1,"tombstone:gift":2,"alexsmobs:animal_dictionary":1}},"DataVersion":3465}