{"stats":{"minecraft:mined":{"alexscaves:spelunkery_table":4,"iceandfire:silver_ore":4,"minecraft:dark_oak_log":25,"alexscaves:limestone":237,"minecraft:crafting_table":3,"minecraft:grass_block":17,"minecraft:dark_oak_fence":8,"alexscaves:pewen_log":1,"mekanism:tin_ore":2,"minecraft:light_gray_bed":1,"minecraft:copper_ore":10,"minecraft:sandstone":9,"minecraft:furnace":1,"minecraft:light_gray_wool":4,"minecraft:tnt":1,"minecraft:peony":3,"minecraft:coal_ore":38,"minecraft:mycelium":12,"minecraft:gravel":1,"minecraft:dirt":44,"alexscaves:curly_fern":1,"minecraft:red_mushroom_block":1,"minecraft:stone":524,"minecraft:fern":1},"minecraft:custom":{"minecraft:interact_with_furnace":5,"minecraft:mob_kills":19,"tombstone:raider_killed":5,"minecraft:interact_with_crafting_table":20,"minecraft:open_barrel":2,"minecraft:interact_with_loom":7,"minecraft:damage_dealt_resisted":209,"minecraft:leave_game":4,"minecraft:time_since_death":82219,"minecraft:time_since_rest":82219,"minecraft:damage_absorbed":251,"minecraft:sprint_one_cm":49898,"minecraft:damage_taken":2653,"minecraft:walk_one_cm":60598,"minecraft:drop":37,"minecraft:damage_dealt":5941,"tombstone:cast_on_ally":2,"minecraft:swim_one_cm":29756,"minecraft:fly_one_cm":78144,"minecraft:talked_to_villager":12,"minecraft:open_chest":11,"minecraft:crouch_one_cm":2057,"minecraft:play_time":82219,"tombstone:undead_killed":1,"minecraft:sneak_time":1071,"minecraft:walk_under_water_one_cm":19114,"minecraft:boat_one_cm":245383,"tombstone:tomb_raiding":2,"minecraft:jump":420,"minecraft:walk_on_water_one_cm":11051,"minecraft:total_world_time":82219,"minecraft:fall_one_cm":12845},"minecraft:crafted":{"iceandfire:silver_axe":1,"minecraft:cobblestone_slab":6,"minecraft:stone_shovel":9,"vanillaplustools:stone_hammer":1,"iceandfire:silver_ingot":4,"minecraft:dark_oak_boat":1,"minecraft:crafting_table":1,"minecraft:wooden_pickaxe":1,"minecraft:furnace":1,"alexscaves:cave_map":1,"minecraft:air":0,"lightmanscurrency:wallet_iron":1,"minecraft:light_gray_bed":1,"lightmanscurrency:wallet_leather":1,"minecraft:stick":64,"minecraft:stone_pickaxe":9,"minecraft:stone_sword":1,"vanillaplustools:stone_shovel":1,"minecraft:dark_oak_planks":100},"minecraft:picked_up":{"minecraft:iron_chestplate":1,"minecraft:crafting_table":3,"illagerinvasion:platinum_chunk":1,"iceandfire:sea_serpent_fang":2,"born_in_chaos_v1:monster_flesh":8,"alexsmobs:emu_leggings":1,"minecraft:lead":2,"minecraft:leather":4,"alexsmobs:bison_fur":2,"alexsmobs:crocodile_chestplate":1,"cataclysm:coral_spear":1,"iceandfire:sea_serpent_scales_blue":9,"minecraft:string":13,"alexscaves:cave_codex":1,"minecraft:dirt":73,"minecraft:paper":64,"minecraft:raw_copper":34,"inka:coca":64,"born_in_chaos_v1:monster_skin":5,"alexsmobs:unsettling_kimono":1,"minecraft:bone":2,"minecraft:beef":12,"beachparty:floaty_boat":1,"butcher:cooked_dragon_meat":64,"minecraft:stone_pickaxe":1,"alexscaves:curly_fern":1,"minecraft:light_gray_wool":5,"lightmanscurrency:coin_iron":5,"minecraft:furnace":1,"minecraft:gravel":1,"minecraft:stone_button":1,"born_in_chaos_v1:fangofthe_hound_leader":1,"minecraft:light_gray_bed":1,"minecraft:dark_oak_log":25,"mekanism:raw_tin":2,"alexsmobs:roadrunner_boots":1,"lightmanscurrency:coin_emerald":1,"minecraft:tnt":1,"lightmanscurrency:coin_copper":3,"minecraft:arrow":5,"minecraft:stone_shovel":6,"mekanismtools:steel_sword":1,"minecraft:stone_axe":1,"lightmanscurrency:coin_gold":13,"alexscaves:spelunkery_table":4,"minecraft:carved_pumpkin":1,"minecraft:emerald":9,"alexscaves:cave_map":5,"minecraft:dark_oak_fence":7,"alexsmobs:frontier_cap":1,"minecraft:coal":38,"iceandfire:raw_silver":4,"minecraft:cobblestone":465},"minecraft:killed":{"italianbrainrotsforzaken:tatatata_sahur":1,"minecraft:vindicator":1,"minecraft:wandering_trader":1,"born_in_chaos_v1:dire_hound_leader":1,"minecraft:trader_llama":2,"minecraft:pillager":4,"born_in_chaos_v1:dread_hound":2,"alexsmobs:bison":2,"alexsmobs:skelewag":1,"italianbrainrotsforzaken:elefante_bananini":1,"italianbrainrotsforzaken:capuchinitos":1,"alexscaves:vallumraptor":1,"italianbrainrotsforzaken:brr_brrpatapimsitos":1},"minecraft:broken":{"cataclysm:coral_spear":1},"minecraft:dropped":{"minecraft:gravel":1,"minecraft:stone_axe":1,"alexsmobs:unsettling_kimono":1,"minecraft:stone_sword":1,"minecraft:glass_bottle":1,"alexscaves:curly_fern":1,"minecraft:stone_shovel":6,"minecraft:cobblestone":111,"minecraft:light_gray_wool":1,"alexscaves:cave_codex":1,"mekanism:raw_tin":2,"minecraft:stick":1,"born_in_chaos_v1:monster_flesh":8,"minecraft:dirt":29,"minecraft:cobblestone_slab":6,"minecraft:stone_button":1,"minecraft:dark_oak_fence":1,"born_in_chaos_v1:fangofthe_hound_leader":1,"minecraft:iron_chestplate":1,"iceandfire:silver_ingot":1,"minecraft:carved_pumpkin":1,"alexscaves:cave_map":6,"minecraft:stone_pickaxe":2,"minecraft:wooden_pickaxe":1},"minecraft:used":{"minecraft:stone_sword":11,"minecraft:stone_pickaxe":44,"minecraft:wooden_pickaxe":15,"alexsmobs:roadrunner_boots":1,"vanillaplustools:stone_hammer":99,"minecraft:dirt":4,"inka:coca":17,"minecraft:crafting_table":3,"alexscaves:cave_book":8,"alexsmobs:crocodile_chestplate":1,"vanillaplustools:stone_shovel":10,"iceandfire:silver_axe":31,"mekanismtools:steel_sword":78,"minecraft:potion":1,"iceandfire:deathworm_red_chestplate":2,"butcher:cooked_dragon_meat":2,"beachparty:floaty_boat":1,"alexscaves:spelunkery_table":3,"minecraft:dark_oak_boat":1,"minecraft:cobblestone":11,"minecraft:furnace":1,"cataclysm:coral_spear":9,"alexsmobs:animal_dictionary":1,"tombstone:gift":2,"minecraft:light_gray_bed":1}},"DataVersion":3465}