{"stats":{"minecraft:dropped":{"minecraft:bread":4,"minecraft:enchanted_book":2,"minecraft:wheat_seeds":1,"lightmanscurrency:coin_copper":64,"minecraft:glass_bottle":1,"minecraft:spore_blossom":1,"minecraft:decorated_pot":5,"minecraft:feather":3,"iceandfire:fire_dragon_flesh":9,"minecraft:lantern":1,"minecraft:coal":3,"minecraft:cobblestone_stairs":3,"minecraft:torch":1,"tombstone:grave_dust":1,"minecraft:sugar":8,"minecraft:lily_pad":1,"minecraft:white_wool":3,"minecraft:stone_axe":1,"minecraft:moss_carpet":1,"minecraft:nether_wart":9,"minecraft:chicken":1,"minecraft:rotten_flesh":1,"regions_unexplored:clover":10,"minecraft:iron_boots":1,"minecraft:gunpowder":8,"minecraft:skeleton_skull":1,"iceandfire:silver_ingot":6,"minecraft:azalea":1,"minecraft:stone_bricks":1,"lightmanscurrency:coin_iron":11,"iceandfire:fire_dragon_heart":1,"dungeonnowloading:spawner_frame":2},"minecraft:killed":{"minecraft:cave_spider":5,"minecraft:witch":2,"minecraft:spider":1,"born_in_chaos_v1:maggot":2,"minecraft:skeleton":9,"iceandfire:fire_dragon":1,"minecraft:chicken":1,"minecraft:husk":7,"wildernature:turkey":8,"minecraft:sheep":10,"minecraft:zombie":5,"alexsmobs:crocodile":1,"born_in_chaos_v1:corpse_fly":2,"italianbrainrotsforzaken:pizarroto_mayonix":1},"minecraft:custom":{"minecraft:mob_kills":59,"minecraft:inspect_hopper":1,"minecraft:interact_with_crafting_table":18,"minecraft:open_barrel":47,"minecraft:time_since_death":7818,"minecraft:climb_one_cm":12397,"minecraft:sprint_one_cm":215552,"minecraft:walk_one_cm":163404,"minecraft:drop":47,"minecraft:play_time":78673,"minecraft:deaths":7,"minecraft:sneak_time":2015,"minecraft:walk_under_water_one_cm":871,"minecraft:jump":1161,"minecraft:walk_on_water_one_cm":11930,"minecraft:total_world_time":78673,"tombstone:raider_killed":2,"minecraft:sleep_in_bed":2,"minecraft:time_since_rest":7841,"minecraft:damage_taken":2639,"minecraft:damage_dealt":10149,"minecraft:swim_one_cm":2371,"minecraft:fly_one_cm":276948,"minecraft:open_chest":22,"minecraft:crouch_one_cm":4199,"tombstone:undead_killed":22,"minecraft:fall_one_cm":21563,"minecraft:inspect_dispenser":4},"minecraft:broken":{"minecraft:leather_helmet":1},"minecraft:picked_up":{"minecraft:crafting_table":3,"minecraft:wheat":7,"minecraft:chicken":1,"minecraft:nether_wart":9,"minecraft:potion":5,"minecraft:enchanted_book":1,"minecraft:string":30,"minecraft:moss_carpet":1,"dungeonnowloading:spawner_fragment":94,"minecraft:cracked_stone_bricks":1,"minecraft:candle":9,"minecraft:spruce_planks":11,"minecraft:azalea":1,"minecraft:iron_boots":1,"iceandfire:dragonbone":7,"minecraft:torch":6,"tombstone:grave_dust":1,"alexsmobs:crocodile_scute":1,"iceandfire:silver_ingot":6,"minecraft:arrow":8,"minecraft:rotten_flesh":2,"minecraft:decorated_pot":7,"minecraft:hay_block":15,"iceandfire:fire_dragon_heart":1,"minecraft:glow_berries":11,"minecraft:mutton":14,"minecraft:white_wool":6,"minecraft:iron_bars":1,"minecraft:skeleton_skull":1,"minecraft:cobblestone":36,"born_in_chaos_v1:corpse_maggot":2,"minecraft:feather":3,"minecraft:mud_bricks":1,"minecraft:golden_carrot":35,"minecraft:black_bed":4,"wildernature:turkey_meat":17,"minecraft:packed_mud":1,"minecraft:oak_log":2,"minecraft:lily_pad":1,"iceandfire:ectoplasm":7,"minecraft:gunpowder":6,"minecraft:cobblestone_stairs":3,"minecraft:dirt":4,"minecraft:lantern":3,"minecraft:bone":19,"minecraft:stone_bricks":7,"minecraft:wheat_seeds":2,"minecraft:spore_blossom":2,"minecraft:mossy_stone_bricks":1,"lightmanscurrency:coin_iron":22,"camera:image":1,"minecraft:moss_block":5,"iceandfire:fire_dragon_flesh":9,"hexerei:mixing_cauldron":1,"minecraft:dark_oak_slab":3,"minecraft:pumpkin":3,"dungeonnowloading:spawner_frame":2,"iceandfire:dragon_skull_fire":3,"minecraft:amethyst_shard":48,"minecraft:stripped_spruce_log":19,"minecraft:dark_oak_log":4,"minecraft:spider_eye":4,"minecraft:mossy_cobblestone":1,"lightmanscurrency:coin_copper":104,"hexerei:mahogany_slab":2,"minecraft:stone_axe":1,"hexerei:herb_jar":1,"regions_unexplored:clover":10,"minecraft:granite":4,"minecraft:dark_oak_wood":3},"minecraft:used":{"minecraft:moss_block":4,"minecraft:stone_sword":38,"dungeonnowloading:spawner_leggings":1,"minecraft:decorated_pot":1,"minecraft:spruce_planks":18,"minecraft:vex_spawn_egg":41,"minecraft:rotten_flesh":1,"minecraft:torch":17,"minecraft:dirt":4,"hexerei:herb_jar":1,"minecraft:granite":4,"born_in_chaos_v1:corpse_maggot":2,"minecraft:dark_oak_planks":9,"minecraft:lantern":6,"minecraft:dark_oak_slab":3,"hexerei:mahogany_slab":2,"minecraft:mud_bricks":1,"minecraft:stone_bricks":6,"minecraft:golden_carrot":6,"hexerei:tallow_bottle":2,"tombstone:gift":8,"dungeonnowloading:spawner_chestplate":1,"minecraft:water_bucket":3,"minecraft:mossy_stone_bricks":1,"minecraft:glass_bottle":7,"minecraft:oak_planks":8,"minecraft:wooden_pickaxe":101,"minecraft:cracked_stone_bricks":1,"minecraft:glow_berries":18,"minecraft:mossy_cobblestone":1,"epicfight:diamond_spear":154,"minecraft:crafting_table":5,"dungeonnowloading:spawner_boots":1,"minecraft:black_bed":3,"hexerei:blood_bottle":1,"minecraft:bread":6,"minecraft:stone_axe":72,"hexerei:mixing_cauldron":1,"minecraft:cobblestone":33,"minecraft:potion":5,"iceandfire:dragon_skull_fire":2,"minecraft:bucket":4,"minecraft:air":1},"minecraft:crafted":{"minecraft:oak_planks":8,"epicfight:diamond_spear":1,"dungeonnowloading:spawner_leggings":1,"dungeonnowloading:spawner_boots":3,"minecraft:dark_oak_planks":28,"minecraft:wheat":128,"minecraft:diamond_sword":1,"dungeonnowloading:spawner_frame":25,"minecraft:crafting_table":2,"minecraft:spruce_planks":72,"minecraft:wooden_pickaxe":1,"minecraft:bucket":1,"minecraft:pumpkin_seeds":12,"minecraft:stone_axe":1,"minecraft:bread":46,"dungeonnowloading:spawner_chestplate":1,"minecraft:stick":24,"minecraft:torch":20},"minecraft:mined":{"hexerei:herb_jar":1,"minecraft:tuff":1,"minecraft:spruce_planks":11,"minecraft:cobblestone_stairs":1,"minecraft:dark_oak_log":4,"minecraft:cave_vines_plant":1,"minecraft:granite":4,"minecraft:grass_block":1,"minecraft:decorated_pot":4,"minecraft:mud_bricks":1,"minecraft:moss_block":7,"minecraft:nether_wart":3,"minecraft:spawner":10,"minecraft:hay_block":15,"minecraft:packed_mud":1,"minecraft:fire":2,"minecraft:pumpkin":3,"minecraft:stripped_spruce_log":24,"minecraft:moss_carpet":1,"minecraft:cave_vines":7,"minecraft:vine":8,"minecraft:iron_bars":1,"minecraft:stripped_oak_log":4,"regions_unexplored:medium_grass":1,"minecraft:azalea_leaves":1,"hexerei:mixing_cauldron":1,"minecraft:azalea":1,"minecraft:stone":37,"minecraft:tripwire":18,"hexerei:willow_vines":1,"hexerei:flowering_lily_pad":1,"minecraft:amethyst_cluster":4,"minecraft:crafting_table":3,"minecraft:torch":1,"minecraft:dark_oak_wood":3,"hexerei:mahogany_slab":2,"iceandfire:ghost_chest":1,"minecraft:tall_grass":2,"minecraft:lily_pad":1,"minecraft:wall_torch":4,"minecraft:skeleton_skull":1,"minecraft:seagrass":1,"minecraft:dark_oak_slab":3,"minecraft:black_bed":4,"minecraft:cyan_carpet":4,"minecraft:dirt":3,"regions_unexplored:clover":1,"minecraft:cobweb":6,"minecraft:cracked_stone_bricks":1,"minecraft:smooth_basalt":2,"hexerei:willow_vines_plant":2,"minecraft:stone_bricks":7,"minecraft:mossy_stone_bricks":1,"minecraft:oak_leaves":2}},"DataVersion":3465}