{"stats":{"minecraft:custom":{"minecraft:interact_with_crafting_table":63,"minecraft:open_barrel":36,"minecraft:leave_game":9,"minecraft:time_since_death":88885,"minecraft:sprint_one_cm":709007,"minecraft:damage_blocked_by_shield":3750,"minecraft:drop":232,"minecraft:play_noteblock":2,"minecraft:talked_to_villager":16,"minecraft:play_time":348660,"minecraft:deaths":10,"tombstone:tomb_raiding":2,"minecraft:jump":4948,"minecraft:walk_on_water_one_cm":20096,"tombstone:elyra_diary":2,"minecraft:interact_with_furnace":22,"minecraft:interact_with_loom":7,"minecraft:sleep_in_bed":3,"minecraft:damage_dealt":70414,"minecraft:crouch_one_cm":10819,"tombstone:undead_killed":79,"tombstone:villager_killed":1,"minecraft:mob_kills":251,"tombstone:rite_of_silent_bond":1,"minecraft:damage_dealt_resisted":383,"minecraft:climb_one_cm":1392,"minecraft:walk_one_cm":661407,"minecraft:sneak_time":5311,"minecraft:walk_under_water_one_cm":30824,"minecraft:boat_one_cm":245383,"minecraft:total_world_time":348660,"tombstone:raider_killed":45,"minecraft:tune_noteblock":4,"minecraft:raid_trigger":1,"minecraft:interact_with_grindstone":1,"minecraft:time_since_rest":90366,"minecraft:damage_absorbed":12475,"minecraft:damage_taken":68432,"minecraft:trigger_trapped_chest":2,"tombstone:cast_on_ally":2,"minecraft:swim_one_cm":50708,"minecraft:fly_one_cm":1714643,"minecraft:open_chest":18,"minecraft:fall_one_cm":375490},"minecraft:used":{"wom:satsujin":324,"minecraft:nether_brick_fence":3,"minecraft:polished_blackstone":4,"minecraft:poppy":1,"minecraft:iron_sword":158,"minecraft:creeper_head":1,"travelersbackpack:hay":3,"block_factorys_bosses:dragon_guard_shield":37,"alexscaves:ambersol":2,"minecraft:nether_bricks":17,"minecraft:allium":1,"minecraft:deepslate_brick_slab":4,"minecraft:obsidian":1,"regions_unexplored:purple_lupine":1,"thermal_shock:vermillion_sapling":1,"iceandfire:deathworm_red_chestplate":2,"wom:iron_staff":21,"italianbrainrotsforzaken:bate_tung":58,"minecraft:netherite_boots":1,"alexsmobs:froststalker_helmet":1,"regions_unexplored:blue_bioshroom":1,"minecraft:dark_oak_boat":1,"thermal_shock:cobbled_shale":42,"iceandfire:tide_blue_chestplate":1,"minecraft:furnace":2,"italianbrainrotsforzaken:armor_italian_boots":2,"cataclysm:coral_spear":9,"minecraft:polished_blackstone_stairs":1,"minecraft:deepslate_brick_wall":1,"epicfight:skillbook":3,"minecraft:wither_skeleton_skull":1,"minecraft:stone_pickaxe":44,"minecraft:wooden_pickaxe":15,"alexsmobs:roadrunner_boots":1,"minecraft:white_wool":2,"aquamirae:remnants_saber":17,"minecraft:golden_apple":5,"alexscaves:cave_book":8,"alexsmobs:crocodile_chestplate":1,"minecraft:note_block":1,"iceandfire:silver_axe":63,"minecraft:deepslate_brick_stairs":8,"cataclysm:ignitium_helmet":1,"beachparty:palm_torch_item":4,"minecraft:stone_sword":11,"minecraft:tropical_fish":1,"vanillaplustools:stone_hammer":198,"minecraft:torch":4,"minecraft:dirt":5,"inka:coca":346,"minecraft:nether_brick_stairs":2,"born_in_chaos_v1:supreme_measure":42,"italianbrainrotsforzaken:katana_capuccino":2,"block_factorys_bosses:tall_vase":1,"minecraft:totem_of_undying":1,"alexscaves:spelunkery_table":3,"tombstone:gift":7,"minecraft:trapped_chest":1,"minecraft:cobbled_deepslate":32,"minecraft:light_gray_bed":3,"alexscaves:dinosaur_chop":1,"regions_unexplored:brimwood_planks":4,"minecraft:tnt":1,"minecraft:crafting_table":12,"vanillaplustools:stone_shovel":17,"thermal_shock:starfruit_item":1,"minecraft:dark_oak_door":3,"mekanismtools:steel_sword":107,"tombstone:bag_of_seeds":1,"minecraft:apple":3,"epicfight:netherite_dagger":288,"thermal_shock:sprintweed":4,"minecraft:iron_pickaxe":41,"butcher:cooked_dragon_meat":16,"minecraft:stone_axe":1,"italianbrainrotsforzaken:oracalero_espada":34,"beachparty:floaty_boat":1,"minecraft:cobblestone":53,"minecraft:potion":1,"cataclysm:bone_reptile_helmet":1,"alexsmobs:animal_dictionary":1},"minecraft:killed_by":{"block_factorys_bosses:infernal_dragon":2,"cataclysm:ignis":1},"minecraft:killed":{"illagerinvasion:archivist":1,"born_in_chaos_v1:zombie_clown":1,"thermal_shock:snobol":5,"block_factorys_bosses:infernal_dragon":1,"alexsmobs:enderiophage":2,"illageandspillage:faker":1,"illageandspillage:eyesore":2,"thermal_shock:graver":1,"illagerinvasion:basher":1,"minecraft:skeleton":4,"italianbrainrotsforzaken:bananitta_dolfinitta":1,"block_factorys_bosses:flaming_skeleton_guard_sword":3,"illagerinvasion:provoker":1,"alexsmobs:skelewag":1,"italianbrainrotsforzaken:capuchinitos":2,"italianbrainrotsforzaken:elefante_bananini":1,"born_in_chaos_v1:diamond_termite":4,"italianbrainrotsforzaken:tatatata_sahur":1,"minecraft:trader_llama":4,"born_in_chaos_v1:zombie_fisherman":1,"minecraft:pillager":24,"italianbrainrotsforzaken:tralalerito":2,"minecraft:zombie":47,"born_in_chaos_v1:dread_hound":2,"italianbrainrotsforzaken:tralalero_tralala":9,"minecraft:glow_squid":2,"takesapillage:archer":2,"italianbrainrotsforzaken:trulimerito":2,"block_factorys_bosses:dragon_guard_sword":2,"alexscaves:vallumraptor":5,"italianbrainrotsforzaken:brr_brrpatapimsitos":2,"illageandspillage:freakager":1,"cataclysm:ignited_revenant":1,"minecraft:evoker":1,"minecraft:vex":3,"minecraft:vindicator":5,"illagerinvasion:marauder":1,"born_in_chaos_v1:zombie_bruiser":3,"born_in_chaos_v1:maggot":20,"minecraft:phantom":4,"born_in_chaos_v1:dire_hound_leader":1,"thermal_shock:sentrarius":2,"illageandspillage:magispeller":1,"illageandspillage:illashooter":5,"iceandfire:siren":2,"takesapillage:clay_golem":1,"italianbrainrotsforzaken:capuchinas":1,"alexsmobs:bison":2,"italianbrainrotsforzaken:lirililarila":6,"italianbrainrotsforzaken:capuccino_asesino":1,"illageandspillage:dispenser":3,"iceandfire:cyclops":1,"born_in_chaos_v1:baby_skeleton":2,"cataclysm:the_watcher":5,"minecraft:wandering_trader":2,"italianbrainrotsforzaken:tripa_tropa_tralala_lirilira_tung_tung_sahur_boneca_tung_tung_tralalero_tripi_tropa_crocodina":2,"illageandspillage:trick_or_treat":12,"italianbrainrotsforzaken:tung_tung_tung_sahue":5,"born_in_chaos_v1:decrepit_skeleton":3,"illageandspillage:funnybone":2,"italianbrainrotsforzaken:garamararamararaman":1,"born_in_chaos_v1:decaying_zombie":2,"italianbrainrotsforzaken:tumtumsitochurro":2,"cataclysm:ignis":1,"minecraft:villager":1,"alexscaves:grottoceratops":1,"italianbrainrotsforzaken:pizarroto_mayonix":1},"minecraft:dropped":{"minecraft:nether_brick_stairs":4,"minecraft:iron_sword":2,"regions_unexplored:green_bioshroom":6,"thermal_shock:adamantine_spice":2,"minecraft:oak_log":1,"minecraft:glass_bottle":1,"thermal_shock:cobbled_shale":110,"alexscaves:curly_fern":1,"cataclysm:the_incinerator":2,"vinery:jungle_grape_seeds_white":2,"italianbrainrotsforzaken:armor_italian_boots":2,"minecraft:blackstone_stairs":3,"alexsmobs:bison_fur":2,"born_in_chaos_v1:monster_flesh":8,"minecraft:dirt":37,"beachparty:overgrown_disc":1,"block_factorys_bosses:knight_leggings":2,"minecraft:stone_button":1,"minecraft:dark_oak_fence":1,"iceandfire:armor_silver_metal_leggings":2,"alienevo:prototype_omnitrix_red":1,"minecraft:gold_nugget":1,"alexscaves:cave_map":6,"minecraft:sand":64,"minecraft:phantom_membrane":7,"iceandfire:armor_silver_metal_helmet":1,"minecraft:white_wool":3,"alexscaves:cycad":2,"minecraft:bone":5,"minecraft:gravel":1,"minecraft:stone_axe":3,"minecraft:iron_nugget":4,"minecraft:cobbled_deepslate":228,"alexscaves:amber":5,"alexscaves:cave_tablet":4,"minecraft:obsidian":1,"alexscaves:tough_hide":1,"minecraft:rotten_flesh":55,"inka:coca":2,"iceandfire:deathworm_red_chestplate":1,"tombstone:readable_scroll":3,"armoroftheages:centurion_armor_legs":1,"mekanism:raw_tin":6,"block_factorys_bosses:dragon_bone":2,"iceandfire:shiny_scales":2,"travelersbackpack:hay":1,"iceandfire:armor_silver_metal_boots":1,"minecraft:ochre_froglight":2,"born_in_chaos_v1:fangofthe_hound_leader":1,"minecraft:beetroot_seeds":4,"block_factorys_bosses:knight_boots":1,"born_in_chaos_v1:corpse_maggot":9,"minecraft:iron_bars":4,"minecraft:arrow":26,"minecraft:beef":12,"block_factorys_bosses:dragon_bones_chestplate":4,"cataclysm:bone_reptile_helmet":1,"italianbrainrotsforzaken:reloj_lirili":1,"minecraft:stone_hoe":1,"minecraft:enchanted_book":2,"minecraft:wheat_seeds":1,"thermal_shock:tablet_two":1,"alexsmobs:unsettling_kimono":1,"minecraft:polished_blackstone":2,"block_factorys_bosses:dragon_bones_leggings":5,"stalwart_dungeons:warted_tungsten_leggings":1,"minecraft:prismarine_shard":1,"minecraft:iron_helmet":2,"minecraft:cobblestone":258,"minecraft:prismarine_crystals":8,"minecraft:amethyst_block":28,"minecraft:tropical_fish":8,"minecraft:polished_blackstone_stairs":1,"alexsmobs:roadrunner_boots":1,"minecraft:stick":12,"alexsmobs:froststalker_helmet":1,"illagerinvasion:platinum_chunk":9,"born_in_chaos_v1:black_argillite":10,"minecraft:golden_carrot":2,"minecraft:torch":2,"armoroftheages:centurion_armor_chest":1,"block_factorys_bosses:ancient_iron_nugget":1,"minecraft:rabbit":8,"italianbrainrotsforzaken:bate_tung":1,"iceandfire:armor_silver_metal_chestplate":1,"tombstone:grave_dust":1,"minecraft:iron_leggings":1,"dungeonnowloading:spawner_helmet":2,"aether:sentry_boots":1,"minecraft:polished_deepslate_wall":2,"block_factorys_bosses:knight_helmet":1,"minecraft:smooth_basalt":47,"minecraft:redstone":4,"minecraft:stone_sword":1,"minecraft:raw_copper":9,"minecraft:lime_concrete":2,"wom:satsujin":1,"minecraft:stone_shovel":6,"minecraft:wither_skeleton_skull":1,"minecraft:light_gray_wool":1,"minecraft:clay_ball":4,"minecraft:iron_boots":1,"alexscaves:cave_codex":1,"alexsmobs:frontier_cap":3,"minecraft:torchflower_seeds":2,"italianbrainrotsforzaken:oracalero_espada":1,"minecraft:nether_bricks":7,"lightmanscurrency:coin_gold":5,"minecraft:lightning_rod":1,"block_factorys_bosses:warrior_sword":1,"mekanismtools:steel_sword":1,"minecraft:cobblestone_slab":6,"stalwart_dungeons:warted_tungsten_chestplate":1,"minecraft:iron_chestplate":2,"minecraft:andesite":16,"iceandfire:silver_ingot":1,"minecraft:oak_sapling":1,"minecraft:waxed_oxidized_cut_copper":1,"minecraft:carved_pumpkin":1,"minecraft:stone_pickaxe":6,"minecraft:wooden_pickaxe":1,"born_in_chaos_v1:supreme_measure":1,"minecraft:calcite":21,"iceandfire:sea_serpent_fang":1,"butcher:cooked_dragon_meat":22},"minecraft:picked_up":{"thermal_shock:raw_sentrapede":6,"stalwart_dungeons:warted_tungsten_boots":2,"minecraft:iron_chestplate":2,"alexscaves:tough_hide":1,"illagerinvasion:platinum_chunk":9,"minecraft:nether_brick_fence":3,"minecraft:creeper_head":1,"minecraft:prismarine_shard":1,"alexsmobs:emu_leggings":1,"artifacts:bunny_hoppers":1,"minecraft:lead":4,"minecraft:nether_brick":64,"minecraft:polished_deepslate_wall":2,"minecraft:amethyst_block":28,"iceandfire:armor_silver_metal_chestplate":1,"born_in_chaos_v1:black_argillite":10,"minecraft:string":18,"minecraft:raw_copper":43,"minecraft:iron_leggings":1,"minecraft:gold_nugget":1,"block_factorys_bosses:dragon_skull":1,"minecraft:cobbled_deepslate":260,"beachparty:floaty_boat":1,"butcher:cooked_dragon_meat":123,"minecraft:calcite":21,"hangglider:hang_glider":1,"aquamirae:terrible_helmet":1,"vinery:jungle_grape_seeds_white":1,"minecraft:iron_boots":1,"minecraft:furnace":2,"iceandfire:dragonsteel_ice_boots":1,"thermal_shock:cobbled_shale":152,"minecraft:stick":9,"beachparty:palm_torch_item":4,"minecraft:polished_blackstone_stairs":2,"minecraft:deepslate_brick_wall":1,"minecraft:torch":2,"block_factorys_bosses:knight_boots":2,"iceandfire:dragonsteel_ice_leggings":1,"epicfight:skillbook":3,"tombstone:bone_needle":1,"minecraft:lightning_rod":1,"iceandfire:dragonsteel_ice_chestplate":1,"cataclysm:burning_ashes":2,"tombstone:grave_dust":10,"italianbrainrotsforzaken:katana_capuccino":1,"mekanism:raw_tin":6,"alexsmobs:roadrunner_boots":3,"lightmanscurrency:coin_emerald":5,"iceandfire:armor_silver_metal_boots":1,"minecraft:light_gray_bed":2,"minecraft:rotten_flesh":77,"minecraft:tropical_fish":9,"regions_unexplored:green_bioshroom":6,"alexsmobs:capsid":2,"minecraft:carved_pumpkin":1,"alienevo:prototype_omnitrix_red":1,"block_factorys_bosses:warrior_sword":1,"minecraft:netherite_chestplate":1,"minecraft:blaze_rod":64,"minecraft:deepslate_brick_stairs":8,"minecraft:blackstone_stairs":3,"minecraft:obsidian":2,"minecraft:iron_bars":4,"minecraft:cobblestone":611,"minecraft:andesite":16,"armoroftheages:centurion_armor_chest":1,"alexsmobs:bison_fur":2,"italianbrainrotsforzaken:armor_italian_boots":2,"minecraft:wither_skeleton_skull":2,"aether:sentry_boots":1,"cataclysm:coral_spear":1,"minecraft:netherite_leggings":1,"dungeonnowloading:spawner_helmet":2,"minecraft:dirt":80,"born_in_chaos_v1:monster_skin":5,"minecraft:bone":25,"minecraft:wheat_seeds":2,"minecraft:deepslate_brick_slab":4,"minecraft:rabbit":16,"block_factorys_bosses:dragon_bone":19,"iceandfire:shiny_scales":2,"minecraft:sand":64,"minecraft:nether_brick_stairs":6,"minecraft:trapped_chest":1,"minecraft:dark_oak_log":25,"born_in_chaos_v1:supreme_measure":2,"minecraft:diamond":5,"mekanismtools:steel_sword":2,"minecraft:netherite_helmet":1,"thermal_shock:vermillion_sapling":1,"minecraft:crossbow":1,"block_factorys_bosses:dragon_bones_boots":1,"minecraft:emerald":33,"minecraft:oak_sapling":1,"minecraft:dark_oak_fence":7,"wom:satsujin":3,"iceandfire:raw_silver":4,"minecraft:waxed_oxidized_cut_copper":1,"minecraft:charcoal":1,"born_in_chaos_v1:diamond_termite_shard":4,"minecraft:crafting_table":8,"minecraft:allium":1,"travelersbackpack:hay":3,"minecraft:clay_ball":4,"block_factorys_bosses:dragon_bones_chestplate":4,"regions_unexplored:blue_bioshroom":1,"block_factorys_bosses:ancient_iron_nugget":2,"iceandfire:sea_serpent_scales_blue":10,"alexscaves:cave_codex":1,"minecraft:iron_axe":1,"born_in_chaos_v1:intoxicating_decoction":3,"alexscaves:dinosaur_chop":1,"minecraft:netherite_sword":1,"minecraft:beef":12,"block_factorys_bosses:dragon_guard_shield":1,"iceandfire:armor_silver_metal_leggings":2,"block_factorys_bosses:knight_helmet":2,"minecraft:iron_nugget":4,"minecraft:poppy":1,"minecraft:light_gray_wool":5,"aquamirae:remnants_saber":2,"iceandfire:tide_blue_chestplate":1,"minecraft:phantom_membrane":7,"aether:iron_pendant":1,"thermal_shock:adamantine_spice":2,"minecraft:raw_iron":7,"alexscaves:cycad":2,"alexscaves:primordial_pants":1,"minecraft:note_block":1,"tombstone:readable_scroll":1,"alexscaves:primordial_helmet":1,"minecraft:stone_button":1,"block_factorys_bosses:dragon_bones_leggings":5,"minecraft:redstone":4,"minecraft:prismarine_crystals":8,"lightmanscurrency:wallet_iron":1,"minecraft:tnt":1,"minecraft:arrow":30,"minecraft:stone_shovel":6,"armoroftheages:centurion_armor_legs":1,"minecraft:nether_bricks":24,"minecraft:hay_block":5,"block_factorys_bosses:knight_leggings":3,"alexscaves:spelunkery_table":4,"minecraft:gold_ingot":2,"minecraft:totem_of_undying":1,"minecraft:polished_blackstone":6,"regions_unexplored:purple_lupine":1,"minecraft:mutton":4,"italianbrainrotsforzaken:reloj_lirili":1,"alexsmobs:frontier_cap":3,"minecraft:white_wool":5,"born_in_chaos_v1:corpse_maggot":9,"minecraft:netherite_boots":1,"alexscaves:pewen_log":2,"minecraft:golden_carrot":2,"iceandfire:sea_serpent_fang":5,"born_in_chaos_v1:monster_flesh":8,"artifacts:novelty_drinking_hat":2,"iceandfire:dragonsteel_ice_helmet":2,"cataclysm:ignitium_ingot":3,"minecraft:leather":6,"minecraft:ochre_froglight":2,"cataclysm:bone_reptile_helmet":1,"alexsmobs:froststalker_helmet":1,"alexsmobs:crocodile_chestplate":1,"minecraft:oak_log":1,"stalwart_dungeons:warted_tungsten_leggings":2,"italianbrainrotsforzaken:bate_tung":2,"block_factorys_bosses:knight_chestplate":1,"alexscaves:ambersol":2,"minecraft:paper":64,"minecraft:white_banner":2,"alexscaves:amber":5,"inka:coca":441,"alexsmobs:unsettling_kimono":1,"illageandspillage:bag_of_horrors":1,"minecraft:apple":7,"iceandfire:armor_silver_metal_helmet":1,"thermal_shock:starfruit_item":1,"minecraft:iron_ingot":16,"minecraft:stone_pickaxe":13,"tombstone:bag_of_seeds":1,"beachparty:overgrown_disc":1,"alexscaves:curly_fern":1,"regions_unexplored:brimwood_log":3,"lightmanscurrency:coin_iron":72,"minecraft:iron_sword":2,"stalwart_dungeons:warted_tungsten_chestplate":2,"thermal_shock:sprintweed":4,"minecraft:smooth_basalt":47,"block_factorys_bosses:tall_vase":1,"wom:iron_staff":1,"minecraft:lime_concrete":2,"minecraft:torchflower_seeds":2,"minecraft:gravel":1,"mowziesmobs:wrought_helmet":1,"born_in_chaos_v1:fangofthe_hound_leader":1,"cataclysm:ignitium_helmet":1,"lightmanscurrency:coin_copper":262,"minecraft:stone_axe":2,"lightmanscurrency:coin_gold":34,"minecraft:iron_helmet":2,"alexscaves:primordial_tunic":1,"cataclysm:the_incinerator":2,"alexscaves:cave_map":5,"illageandspillage:totem_of_banishment":2,"minecraft:damaged_anvil":1,"epicfight:netherite_dagger":2,"minecraft:coal":78,"italianbrainrotsforzaken:oracalero_espada":2},"minecraft:mined":{"minecraft:blackstone_stairs":5,"alexscaves:limestone":237,"minecraft:granite":6,"minecraft:budding_amethyst":1,"minecraft:grass_block":21,"alexscaves:pewen_branch":1,"minecraft:light_gray_bed":2,"regions_unexplored:blue_bioshroom":1,"minecraft:spawner":1,"thermal_shock:short_loque_grass":4,"minecraft:iron_ore":2,"regions_unexplored:purple_lupine":1,"minecraft:nether_brick_stairs":4,"minecraft:iron_bars":4,"alexscaves:ambersol":2,"minecraft:deepslate_brick_stairs":8,"alexscaves:amber":10,"minecraft:deepslate_brick_wall":1,"alexscaves:dinosaur_chop":1,"minecraft:torch":1,"minecraft:note_block":1,"minecraft:calcite":21,"mekanism:tin_ore":6,"minecraft:cobblestone":21,"minecraft:damaged_anvil":1,"minecraft:amethyst_block":7,"minecraft:deepslate_copper_ore":2,"thermal_shock:permafrost":3,"minecraft:light_gray_wool":4,"minecraft:lime_concrete":2,"minecraft:tnt":1,"minecraft:grass":13,"minecraft:sand":47,"minecraft:dirt":47,"minecraft:smooth_basalt":35,"minecraft:wither_skeleton_skull":2,"minecraft:red_mushroom_block":1,"minecraft:deepslate":239,"minecraft:polished_deepslate_wall":2,"minecraft:diamond_ore":1,"alexscaves:spelunkery_table":4,"iceandfire:silver_ore":4,"regions_unexplored:barley":1,"minecraft:deepslate_diamond_ore":3,"minecraft:dark_oak_log":25,"minecraft:dark_oak_fence":8,"minecraft:nether_bricks":38,"alexscaves:pewen_log":2,"born_in_chaos_v1:black_argillite":10,"thermal_shock:loque_grass":1,"thermal_shock:snowy_shale":9,"minecraft:moss_block":1,"minecraft:sandstone":9,"thermal_shock:sprintweed":7,"minecraft:large_fern":1,"minecraft:hay_block":5,"regions_unexplored:brimwood_log_magma":3,"minecraft:deepslate_brick_slab":3,"minecraft:packed_mud":1,"minecraft:waxed_oxidized_cut_copper":1,"minecraft:furnace":2,"minecraft:andesite":16,"minecraft:peony":3,"minecraft:nether_brick_fence":4,"minecraft:polished_deepslate":1,"thermal_shock:shale":70,"minecraft:deepslate_iron_ore":5,"regions_unexplored:medium_grass":5,"alexscaves:curly_fern":1,"minecraft:stone":674,"minecraft:glass_pane":3,"thermal_shock:starfruit":1,"minecraft:crafting_table":8,"minecraft:tall_grass":25,"minecraft:lightning_rod":1,"minecraft:copper_ore":10,"farmersdelight:wild_beetroots":1,"minecraft:polished_blackstone_stairs":4,"minecraft:creeper_head":1,"minecraft:coal_ore":38,"minecraft:mycelium":12,"minecraft:ochre_froglight":2,"alexscaves:cycad":2,"minecraft:sunflower":3,"minecraft:gravel":1,"minecraft:polished_blackstone":6,"block_factorys_bosses:tall_vase":1,"minecraft:fern":2},"minecraft:broken":{"aquamirae:terrible_helmet":1,"cataclysm:coral_spear":1,"iceandfire:tide_blue_chestplate":1,"minecraft:netherite_chestplate":1,"minecraft:netherite_leggings":1,"stalwart_dungeons:warted_tungsten_boots":1,"block_factorys_bosses:dragon_bones_boots":1,"alexsmobs:emu_leggings":1,"vanillaplustools:stone_hammer":1,"block_factorys_bosses:dragon_bones_chestplate":1,"block_factorys_bosses:dragon_bones_leggings":1,"alexsmobs:roadrunner_boots":1,"minecraft:netherite_boots":1},"minecraft:crafted":{"minecraft:cobblestone_slab":6,"minecraft:dark_oak_boat":1,"block_factorys_bosses:dragon_bones_leggings":1,"aether:golden_ring":1,"alexscaves:pewen_planks":8,"minecraft:dark_oak_door":3,"regions_unexplored:brimwood_planks":12,"vanillaplustools:stone_shovel":1,"minecraft:stone_hoe":1,"iceandfire:silver_axe":1,"minecraft:crafting_table":6,"minecraft:wooden_pickaxe":1,"lightmanscurrency:wallet_gold":1,"cataclysm:blazing_grips":1,"minecraft:light_gray_bed":1,"lightmanscurrency:wallet_leather":1,"minecraft:stick":88,"minecraft:iron_ingot":9,"minecraft:iron_pickaxe":1,"minecraft:stone_sword":1,"minecraft:gold_ingot":3,"wom:iron_staff":1,"minecraft:stone_shovel":9,"vanillaplustools:stone_hammer":3,"minecraft:furnace":1,"iceandfire:tide_blue_chestplate":1,"alexscaves:cave_map":1,"lightmanscurrency:wallet_iron":1,"minecraft:stone_pickaxe":27,"minecraft:dark_oak_planks":100,"aether:iron_pendant":1,"iceandfire:silver_ingot":4,"minecraft:stone_axe":1,"minecraft:air":0,"aether:iron_gloves":1,"minecraft:golden_apple":1,"lightmanscurrency:wallet_diamond":1,"cataclysm:the_incinerator":1,"block_factorys_bosses:dragon_bones_chestplate":1,"minecraft:torch":4,"tombstone:bone_needle":1}},"DataVersion":3465}