{"stats":{"minecraft:dropped":{"minecraft:stone_axe":1,"minecraft:decorated_pot":2,"minecraft:lily_pad":1},"minecraft:killed":{"alexsmobs:crocodile":1},"minecraft:custom":{"minecraft:time_since_rest":4010,"minecraft:sprint_one_cm":32807,"minecraft:damage_taken":1135,"minecraft:walk_one_cm":23530,"minecraft:mob_kills":1,"minecraft:drop":4,"minecraft:inspect_hopper":1,"minecraft:damage_dealt":76,"minecraft:interact_with_crafting_table":4,"minecraft:fly_one_cm":35779,"minecraft:open_chest":2,"minecraft:crouch_one_cm":223,"minecraft:play_time":18673,"minecraft:deaths":4,"minecraft:sneak_time":246,"minecraft:jump":149,"minecraft:time_since_death":3982,"minecraft:walk_on_water_one_cm":4324,"minecraft:climb_one_cm":4376,"minecraft:total_world_time":18673,"minecraft:fall_one_cm":2103},"minecraft:picked_up":{"minecraft:crafting_table":1,"minecraft:dark_oak_slab":2,"minecraft:lily_pad":1,"alexsmobs:crocodile_scute":1,"hexerei:mahogany_slab":1,"minecraft:stone_axe":1,"minecraft:decorated_pot":5,"hexerei:herb_jar":1,"camera:image":1,"minecraft:dark_oak_wood":3,"minecraft:cobblestone":3},"minecraft:used":{"minecraft:bread":1,"minecraft:wooden_pickaxe":3,"minecraft:stone_axe":4,"minecraft:crafting_table":1,"tombstone:gift":2},"minecraft:crafted":{"minecraft:crafting_table":1,"minecraft:stick":4,"minecraft:wooden_pickaxe":1,"minecraft:dark_oak_planks":12,"minecraft:stone_axe":1,"minecraft:bread":1},"minecraft:mined":{"minecraft:seagrass":1,"hexerei:herb_jar":1,"hexerei:willow_vines":1,"hexerei:flowering_lily_pad":1,"minecraft:dark_oak_slab":2,"minecraft:crafting_table":1,"minecraft:dark_oak_wood":3,"hexerei:mahogany_slab":1,"minecraft:cave_vines":1,"minecraft:decorated_pot":3,"hexerei:willow_vines_plant":2,"minecraft:stone":3,"minecraft:lily_pad":1,"minecraft:oak_leaves":1}},"DataVersion":3465}