{"stats":{"minecraft:mined":{"minecraft:blackstone_stairs":5,"alexscaves:limestone":237,"minecraft:granite":6,"minecraft:budding_amethyst":1,"minecraft:grass_block":20,"alexscaves:pewen_branch":1,"minecraft:light_gray_bed":2,"regions_unexplored:blue_bioshroom":1,"minecraft:spawner":1,"minecraft:iron_ore":2,"minecraft:nether_brick_stairs":4,"minecraft:iron_bars":4,"minecraft:deepslate_brick_stairs":8,"alexscaves:ambersol":2,"alexscaves:amber":10,"minecraft:deepslate_brick_wall":1,"alexscaves:dinosaur_chop":1,"minecraft:torch":1,"minecraft:note_block":1,"minecraft:calcite":21,"mekanism:tin_ore":6,"minecraft:cobblestone":21,"minecraft:damaged_anvil":1,"minecraft:amethyst_block":7,"minecraft:deepslate_copper_ore":2,"minecraft:lime_concrete":2,"minecraft:light_gray_wool":4,"minecraft:tnt":1,"minecraft:grass":1,"minecraft:dirt":47,"minecraft:smooth_basalt":35,"minecraft:wither_skeleton_skull":2,"minecraft:red_mushroom_block":1,"minecraft:polished_deepslate_wall":2,"minecraft:deepslate":239,"alexscaves:spelunkery_table":4,"minecraft:diamond_ore":1,"iceandfire:silver_ore":4,"minecraft:deepslate_diamond_ore":3,"minecraft:dark_oak_log":25,"minecraft:nether_bricks":38,"minecraft:dark_oak_fence":8,"alexscaves:pewen_log":2,"born_in_chaos_v1:black_argillite":10,"minecraft:moss_block":1,"minecraft:sandstone":9,"minecraft:large_fern":1,"regions_unexplored:brimwood_log_magma":3,"minecraft:deepslate_brick_slab":3,"minecraft:waxed_oxidized_cut_copper":1,"minecraft:furnace":2,"minecraft:packed_mud":1,"minecraft:andesite":16,"minecraft:peony":3,"minecraft:nether_brick_fence":4,"minecraft:polished_deepslate":1,"minecraft:deepslate_iron_ore":5,"alexscaves:curly_fern":1,"minecraft:stone":674,"minecraft:glass_pane":3,"minecraft:crafting_table":8,"minecraft:lightning_rod":1,"minecraft:copper_ore":10,"minecraft:polished_blackstone_stairs":4,"minecraft:creeper_head":1,"minecraft:coal_ore":38,"minecraft:mycelium":12,"minecraft:ochre_froglight":2,"alexscaves:cycad":2,"minecraft:gravel":1,"minecraft:polished_blackstone":6,"block_factorys_bosses:tall_vase":1,"minecraft:fern":2},"minecraft:custom":{"minecraft:interact_with_crafting_table":63,"minecraft:open_barrel":36,"minecraft:leave_game":7,"minecraft:time_since_death":40857,"minecraft:sprint_one_cm":491582,"minecraft:damage_blocked_by_shield":3750,"minecraft:drop":153,"minecraft:play_noteblock":2,"minecraft:talked_to_villager":12,"minecraft:play_time":234882,"minecraft:deaths":9,"tombstone:tomb_raiding":2,"minecraft:jump":3354,"minecraft:walk_on_water_one_cm":18864,"minecraft:interact_with_furnace":22,"minecraft:interact_with_loom":7,"minecraft:sleep_in_bed":3,"minecraft:damage_dealt":20445,"minecraft:crouch_one_cm":9163,"tombstone:undead_killed":9,"minecraft:mob_kills":51,"minecraft:damage_dealt_resisted":311,"minecraft:climb_one_cm":1117,"minecraft:walk_one_cm":413094,"minecraft:sneak_time":4281,"minecraft:walk_under_water_one_cm":28686,"minecraft:boat_one_cm":245383,"minecraft:total_world_time":234882,"tombstone:raider_killed":6,"minecraft:tune_noteblock":4,"minecraft:interact_with_grindstone":1,"minecraft:time_since_rest":40882,"minecraft:damage_taken":48558,"minecraft:damage_absorbed":9958,"tombstone:cast_on_ally":2,"minecraft:swim_one_cm":38845,"minecraft:fly_one_cm":1074968,"minecraft:open_chest":15,"minecraft:fall_one_cm":221468},"minecraft:crafted":{"minecraft:cobblestone_slab":6,"minecraft:dark_oak_boat":1,"block_factorys_bosses:dragon_bones_leggings":1,"aether:golden_ring":1,"alexscaves:pewen_planks":8,"minecraft:dark_oak_door":3,"regions_unexplored:brimwood_planks":12,"vanillaplustools:stone_shovel":1,"minecraft:stone_hoe":1,"iceandfire:silver_axe":1,"minecraft:crafting_table":6,"minecraft:wooden_pickaxe":1,"cataclysm:blazing_grips":1,"minecraft:light_gray_bed":1,"lightmanscurrency:wallet_leather":1,"minecraft:stick":88,"minecraft:iron_ingot":9,"minecraft:iron_pickaxe":1,"minecraft:stone_sword":1,"minecraft:gold_ingot":3,"wom:iron_staff":1,"minecraft:stone_shovel":9,"vanillaplustools:stone_hammer":3,"minecraft:furnace":1,"iceandfire:tide_blue_chestplate":1,"alexscaves:cave_map":1,"lightmanscurrency:wallet_iron":1,"minecraft:stone_pickaxe":27,"minecraft:dark_oak_planks":100,"aether:iron_pendant":1,"iceandfire:silver_ingot":4,"minecraft:stone_axe":1,"minecraft:air":0,"aether:iron_gloves":1,"minecraft:golden_apple":1,"cataclysm:the_incinerator":1,"block_factorys_bosses:dragon_bones_chestplate":1,"minecraft:torch":4,"tombstone:bone_needle":1},"minecraft:picked_up":{"stalwart_dungeons:warted_tungsten_boots":2,"minecraft:iron_chestplate":1,"alexscaves:tough_hide":1,"illagerinvasion:platinum_chunk":1,"minecraft:nether_brick_fence":3,"minecraft:creeper_head":1,"artifacts:bunny_hoppers":1,"alexsmobs:emu_leggings":1,"minecraft:lead":2,"minecraft:nether_brick":64,"minecraft:polished_deepslate_wall":2,"minecraft:amethyst_block":28,"iceandfire:armor_silver_metal_chestplate":1,"born_in_chaos_v1:black_argillite":10,"minecraft:string":18,"minecraft:raw_copper":43,"block_factorys_bosses:dragon_skull":1,"minecraft:cobbled_deepslate":260,"beachparty:floaty_boat":1,"butcher:cooked_dragon_meat":123,"minecraft:calcite":21,"aquamirae:terrible_helmet":1,"minecraft:furnace":2,"minecraft:polished_blackstone_stairs":2,"minecraft:deepslate_brick_wall":1,"minecraft:torch":1,"block_factorys_bosses:knight_boots":2,"tombstone:bone_needle":1,"minecraft:lightning_rod":1,"cataclysm:burning_ashes":2,"mekanism:raw_tin":6,"alexsmobs:roadrunner_boots":3,"lightmanscurrency:coin_emerald":1,"iceandfire:armor_silver_metal_boots":1,"minecraft:light_gray_bed":2,"regions_unexplored:green_bioshroom":6,"minecraft:carved_pumpkin":1,"block_factorys_bosses:warrior_sword":1,"minecraft:blaze_rod":64,"minecraft:deepslate_brick_stairs":8,"minecraft:blackstone_stairs":3,"minecraft:obsidian":2,"minecraft:iron_bars":4,"minecraft:cobblestone":611,"minecraft:andesite":16,"armoroftheages:centurion_armor_chest":1,"alexsmobs:bison_fur":2,"minecraft:wither_skeleton_skull":2,"cataclysm:coral_spear":1,"dungeonnowloading:spawner_helmet":1,"aether:sentry_boots":1,"minecraft:dirt":79,"born_in_chaos_v1:monster_skin":5,"minecraft:bone":24,"minecraft:deepslate_brick_slab":4,"block_factorys_bosses:dragon_bone":19,"minecraft:nether_brick_stairs":6,"minecraft:dark_oak_log":25,"born_in_chaos_v1:supreme_measure":1,"minecraft:diamond":4,"mekanismtools:steel_sword":2,"block_factorys_bosses:dragon_bones_boots":1,"minecraft:emerald":9,"minecraft:dark_oak_fence":7,"wom:satsujin":3,"iceandfire:raw_silver":4,"minecraft:waxed_oxidized_cut_copper":1,"minecraft:charcoal":1,"minecraft:crafting_table":8,"born_in_chaos_v1:diamond_termite_shard":4,"travelersbackpack:hay":2,"block_factorys_bosses:dragon_bones_chestplate":4,"regions_unexplored:blue_bioshroom":1,"block_factorys_bosses:ancient_iron_nugget":2,"iceandfire:sea_serpent_scales_blue":10,"alexscaves:cave_codex":1,"alexscaves:dinosaur_chop":1,"minecraft:netherite_sword":1,"minecraft:beef":12,"block_factorys_bosses:dragon_guard_shield":1,"iceandfire:armor_silver_metal_leggings":2,"block_factorys_bosses:knight_helmet":2,"minecraft:light_gray_wool":5,"aquamirae:remnants_saber":2,"iceandfire:tide_blue_chestplate":1,"aether:iron_pendant":1,"minecraft:raw_iron":7,"alexscaves:cycad":2,"alexscaves:primordial_pants":1,"minecraft:note_block":1,"alexscaves:primordial_helmet":1,"minecraft:stone_button":1,"block_factorys_bosses:dragon_bones_leggings":5,"minecraft:redstone":4,"lightmanscurrency:wallet_iron":1,"minecraft:tnt":1,"minecraft:stone_shovel":6,"minecraft:arrow":5,"armoroftheages:centurion_armor_legs":1,"minecraft:nether_bricks":24,"alexscaves:spelunkery_table":4,"block_factorys_bosses:knight_leggings":3,"minecraft:gold_ingot":2,"minecraft:polished_blackstone":6,"alexsmobs:frontier_cap":3,"alexscaves:pewen_log":2,"minecraft:golden_carrot":2,"iceandfire:sea_serpent_fang":5,"born_in_chaos_v1:monster_flesh":8,"artifacts:novelty_drinking_hat":2,"cataclysm:ignitium_ingot":3,"minecraft:leather":5,"minecraft:ochre_froglight":2,"cataclysm:bone_reptile_helmet":1,"alexsmobs:froststalker_helmet":1,"alexsmobs:crocodile_chestplate":1,"stalwart_dungeons:warted_tungsten_leggings":2,"block_factorys_bosses:knight_chestplate":1,"alexscaves:ambersol":2,"minecraft:paper":64,"alexscaves:amber":5,"inka:coca":377,"alexsmobs:unsettling_kimono":1,"minecraft:apple":7,"iceandfire:armor_silver_metal_helmet":1,"minecraft:iron_ingot":12,"minecraft:stone_pickaxe":13,"alexscaves:curly_fern":1,"regions_unexplored:brimwood_log":3,"lightmanscurrency:coin_iron":5,"stalwart_dungeons:warted_tungsten_chestplate":2,"minecraft:smooth_basalt":47,"block_factorys_bosses:tall_vase":1,"wom:iron_staff":1,"minecraft:lime_concrete":2,"minecraft:gravel":1,"mowziesmobs:wrought_helmet":1,"born_in_chaos_v1:fangofthe_hound_leader":1,"cataclysm:ignitium_helmet":1,"lightmanscurrency:coin_copper":4,"minecraft:stone_axe":2,"lightmanscurrency:coin_gold":17,"alexscaves:primordial_tunic":1,"cataclysm:the_incinerator":1,"alexscaves:cave_map":5,"minecraft:damaged_anvil":1,"minecraft:coal":78},"minecraft:killed_by":{"block_factorys_bosses:infernal_dragon":2,"cataclysm:ignis":1},"minecraft:killed":{"block_factorys_bosses:infernal_dragon":1,"block_factorys_bosses:flaming_skeleton_guard_sword":3,"alexsmobs:skelewag":1,"italianbrainrotsforzaken:capuchinitos":2,"italianbrainrotsforzaken:elefante_bananini":1,"born_in_chaos_v1:diamond_termite":4,"italianbrainrotsforzaken:tatatata_sahur":1,"minecraft:trader_llama":2,"minecraft:pillager":5,"italianbrainrotsforzaken:tralalerito":1,"born_in_chaos_v1:dread_hound":2,"minecraft:glow_squid":2,"italianbrainrotsforzaken:trulimerito":2,"block_factorys_bosses:dragon_guard_sword":2,"alexscaves:vallumraptor":5,"italianbrainrotsforzaken:brr_brrpatapimsitos":1,"cataclysm:ignited_revenant":1,"minecraft:vindicator":1,"born_in_chaos_v1:dire_hound_leader":1,"italianbrainrotsforzaken:capuchinas":1,"alexsmobs:bison":2,"cataclysm:the_watcher":5,"minecraft:wandering_trader":1,"cataclysm:ignis":1,"alexscaves:grottoceratops":1},"minecraft:broken":{"aquamirae:terrible_helmet":1,"cataclysm:coral_spear":1,"iceandfire:tide_blue_chestplate":1,"stalwart_dungeons:warted_tungsten_boots":1,"block_factorys_bosses:dragon_bones_boots":1,"alexsmobs:emu_leggings":1,"vanillaplustools:stone_hammer":1,"block_factorys_bosses:dragon_bones_leggings":1},"minecraft:dropped":{"minecraft:nether_brick_stairs":4,"regions_unexplored:green_bioshroom":6,"minecraft:glass_bottle":1,"alexscaves:curly_fern":1,"cataclysm:the_incinerator":1,"minecraft:blackstone_stairs":3,"alexsmobs:bison_fur":2,"born_in_chaos_v1:monster_flesh":8,"minecraft:dirt":34,"block_factorys_bosses:knight_leggings":2,"minecraft:stone_button":1,"minecraft:dark_oak_fence":1,"iceandfire:armor_silver_metal_leggings":2,"alexscaves:cave_map":6,"iceandfire:armor_silver_metal_helmet":1,"alexscaves:cycad":2,"minecraft:bone":4,"minecraft:gravel":1,"minecraft:stone_axe":3,"minecraft:cobbled_deepslate":228,"alexscaves:amber":5,"alexscaves:cave_tablet":4,"minecraft:obsidian":1,"alexscaves:tough_hide":1,"inka:coca":2,"iceandfire:deathworm_red_chestplate":1,"mekanism:raw_tin":6,"block_factorys_bosses:dragon_bone":2,"iceandfire:armor_silver_metal_boots":1,"minecraft:ochre_froglight":2,"born_in_chaos_v1:fangofthe_hound_leader":1,"block_factorys_bosses:knight_boots":1,"minecraft:iron_bars":2,"minecraft:arrow":5,"minecraft:beef":12,"block_factorys_bosses:dragon_bones_chestplate":4,"cataclysm:bone_reptile_helmet":1,"minecraft:stone_hoe":1,"alexsmobs:unsettling_kimono":1,"minecraft:polished_blackstone":2,"block_factorys_bosses:dragon_bones_leggings":5,"stalwart_dungeons:warted_tungsten_leggings":1,"minecraft:cobblestone":239,"minecraft:amethyst_block":28,"alexsmobs:roadrunner_boots":1,"minecraft:polished_blackstone_stairs":1,"minecraft:stick":3,"alexsmobs:froststalker_helmet":1,"illagerinvasion:platinum_chunk":1,"born_in_chaos_v1:black_argillite":10,"minecraft:golden_carrot":2,"iceandfire:armor_silver_metal_chestplate":1,"minecraft:polished_deepslate_wall":2,"block_factorys_bosses:knight_helmet":1,"minecraft:smooth_basalt":47,"minecraft:redstone":4,"minecraft:stone_sword":1,"minecraft:raw_copper":9,"wom:satsujin":1,"minecraft:stone_shovel":6,"minecraft:light_gray_wool":1,"alexscaves:cave_codex":1,"alexsmobs:frontier_cap":3,"minecraft:nether_bricks":7,"minecraft:lightning_rod":1,"block_factorys_bosses:warrior_sword":1,"stalwart_dungeons:warted_tungsten_chestplate":1,"minecraft:cobblestone_slab":6,"mekanismtools:steel_sword":1,"minecraft:iron_chestplate":1,"minecraft:andesite":16,"iceandfire:silver_ingot":1,"minecraft:waxed_oxidized_cut_copper":1,"minecraft:carved_pumpkin":1,"minecraft:stone_pickaxe":6,"minecraft:wooden_pickaxe":1,"minecraft:calcite":21,"iceandfire:sea_serpent_fang":1,"butcher:cooked_dragon_meat":22},"minecraft:used":{"wom:satsujin":242,"minecraft:nether_brick_fence":3,"minecraft:polished_blackstone":4,"minecraft:creeper_head":1,"travelersbackpack:hay":3,"block_factorys_bosses:dragon_guard_shield":37,"alexscaves:ambersol":2,"minecraft:nether_bricks":17,"minecraft:deepslate_brick_slab":4,"minecraft:obsidian":1,"iceandfire:deathworm_red_chestplate":2,"wom:iron_staff":21,"alexsmobs:froststalker_helmet":1,"regions_unexplored:blue_bioshroom":1,"minecraft:dark_oak_boat":1,"iceandfire:tide_blue_chestplate":1,"minecraft:furnace":2,"cataclysm:coral_spear":9,"minecraft:polished_blackstone_stairs":1,"minecraft:deepslate_brick_wall":1,"minecraft:wither_skeleton_skull":1,"minecraft:stone_pickaxe":44,"minecraft:wooden_pickaxe":15,"alexsmobs:roadrunner_boots":1,"aquamirae:remnants_saber":17,"minecraft:golden_apple":5,"alexscaves:cave_book":8,"alexsmobs:crocodile_chestplate":1,"minecraft:note_block":1,"iceandfire:silver_axe":58,"minecraft:deepslate_brick_stairs":8,"cataclysm:ignitium_helmet":1,"minecraft:stone_sword":11,"vanillaplustools:stone_hammer":182,"minecraft:torch":4,"minecraft:dirt":4,"inka:coca":251,"minecraft:nether_brick_stairs":2,"born_in_chaos_v1:supreme_measure":5,"block_factorys_bosses:tall_vase":1,"alexscaves:spelunkery_table":3,"tombstone:gift":4,"minecraft:cobbled_deepslate":32,"minecraft:light_gray_bed":3,"alexscaves:dinosaur_chop":1,"regions_unexplored:brimwood_planks":4,"minecraft:tnt":1,"minecraft:crafting_table":12,"vanillaplustools:stone_shovel":11,"mekanismtools:steel_sword":107,"minecraft:dark_oak_door":3,"minecraft:iron_pickaxe":39,"butcher:cooked_dragon_meat":8,"minecraft:stone_axe":1,"beachparty:floaty_boat":1,"minecraft:cobblestone":53,"minecraft:potion":1,"cataclysm:bone_reptile_helmet":1,"alexsmobs:animal_dictionary":1}},"DataVersion":3465}