{"stats":{"minecraft:mined":{"alexscaves:spelunkery_table":2,"iceandfire:silver_ore":4,"minecraft:dark_oak_log":9,"minecraft:crafting_table":3,"mekanism:tin_ore":2,"minecraft:copper_ore":10,"minecraft:furnace":1,"minecraft:tnt":1,"minecraft:peony":3,"minecraft:coal_ore":25,"minecraft:dirt":1,"minecraft:gravel":1,"minecraft:red_mushroom_block":1,"minecraft:stone":316},"minecraft:custom":{"minecraft:interact_with_furnace":5,"minecraft:mob_kills":3,"minecraft:interact_with_crafting_table":10,"minecraft:open_barrel":2,"minecraft:interact_with_loom":4,"minecraft:leave_game":3,"minecraft:time_since_death":48285,"minecraft:time_since_rest":48285,"minecraft:sprint_one_cm":3348,"minecraft:damage_taken":270,"minecraft:walk_one_cm":21849,"minecraft:drop":13,"minecraft:damage_dealt":660,"tombstone:cast_on_ally":1,"minecraft:swim_one_cm":11585,"minecraft:talked_to_villager":5,"minecraft:fly_one_cm":5454,"minecraft:crouch_one_cm":524,"minecraft:play_time":48285,"minecraft:sneak_time":485,"minecraft:walk_under_water_one_cm":7474,"minecraft:boat_one_cm":33502,"tombstone:tomb_raiding":1,"minecraft:jump":47,"minecraft:walk_on_water_one_cm":2624,"minecraft:total_world_time":48285,"minecraft:fall_one_cm":1223},"minecraft:crafted":{"iceandfire:silver_axe":1,"minecraft:cobblestone_slab":6,"vanillaplustools:stone_hammer":1,"iceandfire:silver_ingot":4,"minecraft:dark_oak_boat":1,"minecraft:crafting_table":1,"minecraft:wooden_pickaxe":1,"minecraft:furnace":1,"alexscaves:cave_map":1,"minecraft:air":0,"minecraft:stick":24,"minecraft:stone_pickaxe":9,"minecraft:stone_sword":1,"minecraft:dark_oak_planks":36},"minecraft:picked_up":{"minecraft:crafting_table":3,"alexsmobs:emu_leggings":1,"minecraft:leather":4,"minecraft:lead":2,"alexscaves:cave_codex":1,"minecraft:string":13,"minecraft:dirt":1,"minecraft:paper":64,"minecraft:raw_copper":34,"inka:coca":64,"alexsmobs:unsettling_kimono":1,"minecraft:stone_pickaxe":1,"butcher:cooked_dragon_meat":64,"minecraft:furnace":1,"minecraft:gravel":1,"minecraft:stone_button":1,"minecraft:dark_oak_log":9,"mekanism:raw_tin":2,"alexsmobs:roadrunner_boots":1,"minecraft:tnt":1,"mekanismtools:steel_sword":1,"alexscaves:spelunkery_table":2,"minecraft:carved_pumpkin":1,"alexscaves:cave_map":5,"alexsmobs:frontier_cap":1,"minecraft:coal":25,"iceandfire:raw_silver":4,"minecraft:cobblestone":284},"minecraft:killed":{"minecraft:wandering_trader":1,"minecraft:trader_llama":2},"minecraft:dropped":{"minecraft:gravel":1,"minecraft:stone_sword":1,"alexscaves:cave_codex":1,"mekanism:raw_tin":2,"minecraft:stone_button":1,"minecraft:carved_pumpkin":1,"alexscaves:cave_map":5,"minecraft:wooden_pickaxe":1,"minecraft:stone_pickaxe":1},"minecraft:used":{"minecraft:stone_sword":11,"minecraft:stone_pickaxe":44,"minecraft:wooden_pickaxe":15,"vanillaplustools:stone_hammer":42,"inka:coca":6,"minecraft:crafting_table":3,"alexscaves:cave_book":8,"iceandfire:silver_axe":5,"butcher:cooked_dragon_meat":1,"alexscaves:spelunkery_table":1,"minecraft:dark_oak_boat":1,"minecraft:furnace":1,"tombstone:gift":2,"alexsmobs:animal_dictionary":1}},"DataVersion":3465}