{"stats":{"minecraft:mined":{"minecraft:furnace":1,"iceandfire:silver_ore":4,"minecraft:dark_oak_log":9,"minecraft:tnt":1,"minecraft:crafting_table":2,"minecraft:coal_ore":14,"mekanism:tin_ore":2,"minecraft:dirt":1,"minecraft:gravel":1,"minecraft:copper_ore":10,"minecraft:red_mushroom_block":1,"minecraft:stone":316},"minecraft:custom":{"minecraft:time_since_rest":25303,"minecraft:interact_with_furnace":5,"minecraft:sprint_one_cm":2858,"minecraft:damage_taken":250,"minecraft:walk_one_cm":15011,"minecraft:mob_kills":3,"minecraft:drop":1,"minecraft:damage_dealt":660,"minecraft:interact_with_crafting_table":9,"minecraft:swim_one_cm":5170,"minecraft:talked_to_villager":5,"minecraft:fly_one_cm":4809,"minecraft:open_barrel":1,"minecraft:crouch_one_cm":524,"minecraft:play_time":25303,"minecraft:sneak_time":438,"minecraft:walk_under_water_one_cm":2441,"minecraft:boat_one_cm":25194,"minecraft:jump":36,"minecraft:walk_on_water_one_cm":866,"minecraft:leave_game":1,"minecraft:time_since_death":25303,"minecraft:total_world_time":25303,"minecraft:fall_one_cm":1223},"minecraft:crafted":{"iceandfire:silver_axe":1,"minecraft:cobblestone_slab":6,"vanillaplustools:stone_hammer":1,"iceandfire:silver_ingot":4,"minecraft:dark_oak_boat":1,"minecraft:crafting_table":1,"minecraft:stick":24,"minecraft:wooden_pickaxe":1,"minecraft:stone_pickaxe":9,"minecraft:stone_sword":1,"minecraft:furnace":1,"minecraft:dark_oak_planks":36,"minecraft:air":0},"minecraft:picked_up":{"minecraft:crafting_table":2,"minecraft:leather":4,"minecraft:lead":2,"minecraft:gravel":1,"minecraft:dirt":1,"mekanism:raw_tin":2,"minecraft:dark_oak_log":9,"minecraft:raw_copper":34,"inka:coca":64,"minecraft:tnt":1,"butcher:cooked_dragon_meat":64,"minecraft:carved_pumpkin":1,"minecraft:stone_pickaxe":1,"minecraft:coal":14,"iceandfire:raw_silver":4,"minecraft:cobblestone":284,"minecraft:furnace":1},"minecraft:killed":{"minecraft:trader_llama":2,"minecraft:wandering_trader":1},"minecraft:dropped":{"minecraft:stone_pickaxe":1},"minecraft:used":{"minecraft:stone_sword":11,"minecraft:stone_pickaxe":44,"minecraft:wooden_pickaxe":15,"vanillaplustools:stone_hammer":40,"butcher:cooked_dragon_meat":1,"minecraft:dark_oak_boat":1,"inka:coca":3,"minecraft:crafting_table":2,"minecraft:furnace":1,"alexsmobs:animal_dictionary":1,"iceandfire:silver_axe":2}},"DataVersion":3465}