{"stats":{"minecraft:mined":{"alexscaves:spelunkery_table":3,"iceandfire:silver_ore":4,"minecraft:dark_oak_log":9,"minecraft:crafting_table":3,"minecraft:dark_oak_fence":2,"mekanism:tin_ore":2,"minecraft:copper_ore":10,"minecraft:furnace":1,"minecraft:light_gray_wool":4,"minecraft:tnt":1,"minecraft:peony":3,"minecraft:coal_ore":25,"minecraft:gravel":1,"minecraft:dirt":1,"minecraft:red_mushroom_block":1,"minecraft:stone":316},"minecraft:custom":{"minecraft:interact_with_furnace":5,"minecraft:mob_kills":15,"tombstone:raider_killed":5,"minecraft:interact_with_crafting_table":15,"minecraft:open_barrel":2,"minecraft:interact_with_loom":7,"minecraft:damage_dealt_resisted":209,"minecraft:leave_game":3,"minecraft:time_since_death":70508,"minecraft:time_since_rest":70508,"minecraft:sprint_one_cm":27532,"minecraft:damage_absorbed":209,"minecraft:damage_taken":1539,"minecraft:walk_one_cm":44668,"minecraft:drop":25,"minecraft:damage_dealt":4420,"tombstone:cast_on_ally":2,"minecraft:swim_one_cm":29254,"minecraft:talked_to_villager":11,"minecraft:fly_one_cm":28714,"minecraft:open_chest":7,"minecraft:crouch_one_cm":1582,"minecraft:play_time":70508,"tombstone:undead_killed":1,"minecraft:sneak_time":816,"minecraft:walk_under_water_one_cm":19050,"minecraft:boat_one_cm":245383,"tombstone:tomb_raiding":2,"minecraft:jump":199,"minecraft:walk_on_water_one_cm":10868,"minecraft:total_world_time":70508,"minecraft:fall_one_cm":2045},"minecraft:crafted":{"iceandfire:silver_axe":1,"minecraft:cobblestone_slab":6,"vanillaplustools:stone_hammer":1,"iceandfire:silver_ingot":4,"minecraft:dark_oak_boat":1,"minecraft:crafting_table":1,"minecraft:wooden_pickaxe":1,"minecraft:furnace":1,"alexscaves:cave_map":1,"minecraft:air":0,"lightmanscurrency:wallet_iron":1,"minecraft:light_gray_bed":1,"lightmanscurrency:wallet_leather":1,"minecraft:stick":24,"minecraft:stone_pickaxe":9,"minecraft:stone_sword":1,"minecraft:dark_oak_planks":36},"minecraft:picked_up":{"minecraft:iron_chestplate":1,"minecraft:crafting_table":3,"illagerinvasion:platinum_chunk":1,"iceandfire:sea_serpent_fang":2,"born_in_chaos_v1:monster_flesh":8,"minecraft:leather":4,"alexsmobs:emu_leggings":1,"minecraft:lead":2,"alexsmobs:crocodile_chestplate":1,"cataclysm:coral_spear":1,"iceandfire:sea_serpent_scales_blue":9,"alexscaves:cave_codex":1,"minecraft:dirt":1,"minecraft:string":13,"minecraft:paper":64,"minecraft:raw_copper":34,"inka:coca":64,"born_in_chaos_v1:monster_skin":5,"alexsmobs:unsettling_kimono":1,"minecraft:bone":2,"beachparty:floaty_boat":1,"minecraft:stone_pickaxe":1,"butcher:cooked_dragon_meat":64,"minecraft:light_gray_wool":3,"lightmanscurrency:coin_iron":5,"minecraft:furnace":1,"minecraft:gravel":1,"minecraft:stone_button":1,"born_in_chaos_v1:fangofthe_hound_leader":1,"mekanism:raw_tin":2,"minecraft:dark_oak_log":9,"alexsmobs:roadrunner_boots":1,"lightmanscurrency:coin_copper":3,"lightmanscurrency:coin_emerald":1,"minecraft:tnt":1,"minecraft:arrow":5,"minecraft:stone_axe":1,"mekanismtools:steel_sword":1,"lightmanscurrency:coin_gold":13,"alexscaves:spelunkery_table":3,"minecraft:carved_pumpkin":1,"minecraft:emerald":7,"alexscaves:cave_map":5,"minecraft:dark_oak_fence":1,"alexsmobs:frontier_cap":1,"minecraft:coal":25,"iceandfire:raw_silver":4,"minecraft:cobblestone":340},"minecraft:killed":{"italianbrainrotsforzaken:tatatata_sahur":1,"minecraft:vindicator":1,"minecraft:wandering_trader":1,"born_in_chaos_v1:dire_hound_leader":1,"minecraft:trader_llama":2,"minecraft:pillager":4,"born_in_chaos_v1:dread_hound":2,"alexsmobs:skelewag":1,"italianbrainrotsforzaken:capuchinitos":1,"italianbrainrotsforzaken:brr_brrpatapimsitos":1},"minecraft:broken":{"cataclysm:coral_spear":1},"minecraft:dropped":{"minecraft:gravel":1,"minecraft:stone_axe":1,"alexsmobs:unsettling_kimono":1,"minecraft:stone_sword":1,"minecraft:cobblestone":64,"alexscaves:cave_codex":1,"mekanism:raw_tin":2,"minecraft:stick":1,"minecraft:cobblestone_slab":6,"minecraft:dirt":1,"minecraft:stone_button":1,"minecraft:dark_oak_fence":1,"born_in_chaos_v1:fangofthe_hound_leader":1,"minecraft:iron_chestplate":1,"iceandfire:silver_ingot":1,"minecraft:carved_pumpkin":1,"alexscaves:cave_map":6,"minecraft:wooden_pickaxe":1,"minecraft:stone_pickaxe":2},"minecraft:used":{"minecraft:stone_sword":11,"minecraft:stone_pickaxe":44,"minecraft:wooden_pickaxe":15,"alexsmobs:roadrunner_boots":1,"vanillaplustools:stone_hammer":42,"inka:coca":12,"minecraft:crafting_table":3,"alexscaves:cave_book":8,"alexsmobs:crocodile_chestplate":1,"iceandfire:silver_axe":7,"mekanismtools:steel_sword":55,"iceandfire:deathworm_red_chestplate":2,"butcher:cooked_dragon_meat":1,"beachparty:floaty_boat":1,"alexscaves:spelunkery_table":3,"minecraft:cobblestone":10,"minecraft:dark_oak_boat":1,"minecraft:furnace":1,"cataclysm:coral_spear":9,"tombstone:gift":2,"alexsmobs:animal_dictionary":1,"minecraft:light_gray_bed":1}},"DataVersion":3465}