{"stats":{"minecraft:dropped":{"block_factorys_bosses:prison_door":1,"lightmanscurrency:coin_copper":97,"minecraft:glass_bottle":1,"minecraft:spore_blossom":1,"minecraft:decorated_pot":5,"iceandfire:fire_dragon_flesh":9,"minecraft:lantern":1,"iceandfire:ectoplasm":11,"minecraft:cobblestone_stairs":3,"minecraft:dirt":2,"miners_delight:gossypium":17,"minecraft:mutton":14,"minecraft:sand":5,"minecraft:sugar":8,"minecraft:white_wool":3,"iceandfire:dread_shard":1,"minecraft:gravel":2,"minecraft:stone_axe":1,"block_factorys_bosses:rusty_prison_door":2,"minecraft:cobbled_deepslate":1,"minecraft:rotten_flesh":24,"minecraft:gunpowder":8,"minecraft:skeleton_skull":1,"born_in_chaos_v1:corpse_maggot":2,"minecraft:azalea":1,"minecraft:enchanted_book":5,"minecraft:bread":4,"minecraft:wheat_seeds":1,"minecraft:feather":3,"minecraft:cobblestone":5,"minecraft:sculk_vein":12,"minecraft:coal":3,"minecraft:cobweb":12,"minecraft:deepslate_brick_stairs":1,"minecraft:diorite":2,"minecraft:ink_sac":2,"minecraft:torch":1,"tombstone:grave_dust":1,"minecraft:chainmail_leggings":1,"minecraft:paper":6,"minecraft:blue_carpet":1,"minecraft:lily_pad":1,"minecraft:moss_carpet":1,"minecraft:nether_wart":9,"minecraft:chicken":1,"regions_unexplored:clover":10,"minecraft:iron_boots":1,"deeperdarker:soul_dust":8,"minecraft:andesite":6,"iceandfire:silver_ingot":6,"minecraft:stone_bricks":1,"lightmanscurrency:coin_iron":24,"iceandfire:fire_dragon_heart":1,"minecraft:stone_pickaxe":1,"minecraft:wooden_pickaxe":1,"dungeonnowloading:spawner_frame":2},"minecraft:custom":{"minecraft:interact_with_crafting_table":42,"minecraft:open_barrel":61,"minecraft:time_since_death":2120,"minecraft:sprint_one_cm":388434,"minecraft:drop":93,"minecraft:talked_to_villager":3,"minecraft:play_time":162673,"minecraft:deaths":12,"minecraft:jump":2728,"minecraft:walk_on_water_one_cm":19383,"tombstone:elyra_diary":1,"minecraft:interact_with_furnace":7,"minecraft:interact_with_loom":2,"minecraft:sleep_in_bed":5,"minecraft:damage_dealt":21132,"minecraft:crouch_one_cm":12673,"tombstone:undead_killed":50,"minecraft:inspect_dispenser":4,"minecraft:interact_with_smithing_table":1,"minecraft:mob_kills":114,"minecraft:inspect_hopper":1,"tombstone:use_vanishing":1,"tombstone:rite_of_silent_bond":1,"minecraft:damage_dealt_resisted":83,"minecraft:climb_one_cm":19324,"minecraft:walk_one_cm":305177,"minecraft:sneak_time":6126,"minecraft:walk_under_water_one_cm":21954,"minecraft:boat_one_cm":49829,"minecraft:total_world_time":162673,"tombstone:raider_killed":12,"minecraft:time_since_rest":2143,"minecraft:damage_taken":5007,"minecraft:damage_absorbed":81,"minecraft:swim_one_cm":71432,"minecraft:fly_one_cm":719755,"minecraft:open_chest":94,"minecraft:fall_one_cm":62191},"minecraft:killed":{"minecraft:cave_spider":5,"minecraft:witch":2,"minecraft:spider":3,"minecraft:skeleton":10,"deeperdarker:sculk_leech":7,"minecraft:chicken":1,"italianbrainrotsforzaken:tatatata_sahur":1,"wildernature:turkey":8,"minecraft:sheep":10,"minecraft:pillager":5,"minecraft:zombie":6,"born_in_chaos_v1:corpse_fly":4,"iceandfire:dread_ghoul":1,"minecraft:vindicator":5,"iceandfire:dread_beast":4,"born_in_chaos_v1:maggot":5,"iceandfire:dread_knight":1,"iceandfire:dread_thrall":1,"iceandfire:fire_dragon":1,"minecraft:drowned":3,"minecraft:husk":13,"born_in_chaos_v1:baby_skeleton":3,"alexsmobs:crocodile":1,"iceandfire:ghost":2,"italianbrainrotsforzaken:pizarroto_mayonix":1},"minecraft:broken":{"minecraft:stone_axe":1,"minecraft:leather_helmet":1},"minecraft:picked_up":{"minecraft:iron_chestplate":1,"minecraft:wheat":7,"illagerinvasion:platinum_chunk":1,"regions_unexplored:larch_planks":2,"minecraft:smithing_table":1,"minecraft:enchanted_book":3,"minecraft:potion":5,"minecraft:stone_brick_stairs":1,"alltheores:raw_lead_block":1,"iceandfire:manuscript":5,"minecraft:string":57,"minecraft:raw_copper":3,"minecraft:cobbled_deepslate":14,"minecraft:spruce_planks":11,"iceandfire:frost_lily":1,"regions_unexplored:larch_log":22,"minecraft:azalea":1,"minecraft:enchanted_golden_apple":1,"minecraft:iron_boots":1,"minecraft:stick":9,"iceandfire:ghost_chest":1,"minecraft:torch":11,"epicfight:skillbook":1,"tombstone:grave_dust":1,"minecraft:diorite":2,"lightmanscurrency:coin_emerald":2,"deeperdarker:soul_dust":8,"minecraft:rotten_flesh":64,"iceandfire:fire_dragon_heart":1,"minecraft:deepslate_brick_stairs":1,"minecraft:iron_bars":1,"minecraft:cobblestone":93,"minecraft:feather":3,"minecraft:andesite":8,"minecraft:black_bed":7,"minecraft:flint":1,"minecraft:lapis_lazuli":21,"minecraft:dirt":7,"minecraft:lantern":3,"minecraft:bone":35,"minecraft:wheat_seeds":2,"minecraft:mossy_stone_bricks":1,"minecraft:moss_block":5,"camera:image":1,"miners_delight:gossypium":17,"dungeonnowloading:spawner_frame":2,"iceandfire:dragon_skull_fire":3,"minecraft:sand":40,"deeperdarker:soul_crystal":1,"minecraft:stripped_spruce_log":22,"minecraft:ink_sac":2,"minecraft:dark_oak_log":7,"minecraft:mossy_cobblestone":1,"minecraft:bundle":1,"minecraft:polished_andesite":1,"minecraft:spruce_fence_gate":1,"minecraft:diamond":2,"minecraft:spruce_boat":2,"regions_unexplored:clover":10,"minecraft:granite":5,"minecraft:golden_apple":2,"minecraft:emerald":10,"minecraft:crafting_table":4,"minecraft:chicken":1,"minecraft:nether_wart":9,"minecraft:moss_carpet":1,"miners_delight:cave_carrot":20,"dungeonnowloading:spawner_fragment":94,"iceandfire:graveyard_soil":4,"minecraft:cracked_stone_bricks":5,"minecraft:candle":9,"iceandfire:dread_shard":4,"minecraft:raw_iron":3,"iceandfire:dragonbone":7,"tombstone:readable_scroll":1,"minecraft:redstone":20,"minecraft:blue_carpet":1,"alexsmobs:crocodile_scute":1,"minecraft:dark_oak_planks":1,"minecraft:tnt":4,"iceandfire:silver_ingot":8,"block_factorys_bosses:prison_door":1,"minecraft:arrow":11,"minecraft:decorated_pot":7,"minecraft:deepslate_bricks":1,"minecraft:hay_block":15,"alexscaves:spelunkery_table":1,"minecraft:gold_ingot":14,"minecraft:glow_berries":11,"minecraft:mutton":14,"minecraft:skeleton_skull":1,"minecraft:white_wool":9,"born_in_chaos_v1:corpse_maggot":4,"minecraft:mud_bricks":1,"minecraft:golden_carrot":35,"wildernature:turkey_meat":17,"minecraft:packed_mud":1,"minecraft:oak_log":2,"minecraft:lily_pad":1,"iceandfire:ectoplasm":11,"block_factorys_bosses:rusty_prison_door":2,"minecraft:gunpowder":6,"minecraft:cobblestone_stairs":3,"minecraft:sculk_vein":12,"minecraft:white_banner":2,"minecraft:stone_bricks":7,"minecraft:spore_blossom":2,"minecraft:iron_ingot":21,"minecraft:stone_pickaxe":1,"minecraft:cobweb":21,"tombstone:bag_of_seeds":1,"lightmanscurrency:coin_iron":60,"iceandfire:fire_dragon_flesh":9,"hexerei:mixing_cauldron":1,"minecraft:dark_oak_slab":3,"minecraft:pumpkin":3,"minecraft:gravel":2,"minecraft:amethyst_shard":48,"minecraft:spruce_sapling":1,"minecraft:spruce_log":10,"minecraft:spider_eye":5,"lightmanscurrency:coin_copper":214,"hexerei:mahogany_slab":2,"minecraft:stone_axe":1,"minecraft:chainmail_leggings":1,"hexerei:herb_jar":1,"lightmanscurrency:coin_gold":3,"tombstone:magic_scroll":1,"minecraft:dark_oak_wood":3},"minecraft:used":{"minecraft:moss_block":4,"minecraft:decorated_pot":1,"minecraft:chest":1,"minecraft:iron_sword":140,"minecraft:vex_spawn_egg":41,"minecraft:rotten_flesh":1,"minecraft:sculk_sensor":1,"alltheores:raw_lead_block":1,"minecraft:spruce_boat":2,"born_in_chaos_v1:corpse_maggot":2,"minecraft:lantern":7,"iceandfire:ghost_chest":1,"minecraft:dark_oak_slab":3,"hexerei:mahogany_slab":2,"minecraft:stone_brick_stairs":1,"minecraft:stone_bricks":6,"minecraft:furnace":1,"minecraft:mossy_stone_bricks":1,"epicfight:skillbook":3,"minecraft:stone_pickaxe":85,"minecraft:oak_planks":8,"minecraft:wooden_pickaxe":126,"minecraft:diamond_axe":11,"minecraft:golden_apple":3,"minecraft:glow_berries":18,"epicfight:diamond_spear":211,"dungeonnowloading:spawner_boots":1,"minecraft:black_bed":7,"minecraft:bread":8,"hexerei:mixing_cauldron":1,"iceandfire:dragon_skull_fire":3,"minecraft:smithing_table":1,"minecraft:andesite":2,"minecraft:air":1,"minecraft:experience_bottle":1,"minecraft:stone_sword":38,"dungeonnowloading:spawner_leggings":1,"minecraft:spruce_planks":30,"minecraft:torch":23,"minecraft:dirt":5,"hexerei:herb_jar":1,"minecraft:granite":4,"minecraft:dark_oak_planks":9,"minecraft:mud_bricks":1,"alexscaves:spelunkery_table":1,"minecraft:golden_carrot":12,"regions_unexplored:larch_planks":2,"hexerei:tallow_bottle":2,"tombstone:gift":11,"wom:emerald_anklebracelet":1,"minecraft:enchanted_golden_apple":1,"dungeonnowloading:spawner_chestplate":1,"minecraft:cobbled_deepslate":13,"minecraft:powder_snow_bucket":1,"minecraft:water_bucket":86,"minecraft:glass_bottle":7,"minecraft:polished_andesite":1,"minecraft:spruce_fence_gate":1,"minecraft:deepslate_bricks":1,"minecraft:cracked_stone_bricks":5,"minecraft:mossy_cobblestone":1,"minecraft:crafting_table":10,"minecraft:spruce_log":5,"hexerei:blood_bottle":1,"minecraft:diamond_pickaxe":11,"minecraft:diamond_shovel":32,"minecraft:iron_pickaxe":20,"minecraft:spruce_sapling":1,"minecraft:stone_axe":122,"miners_delight:cave_carrot":17,"minecraft:cobblestone":70,"minecraft:potion":6,"minecraft:white_banner":1,"minecraft:bucket":88,"minecraft:soul_torch":1},"minecraft:crafted":{"minecraft:oak_planks":8,"regions_unexplored:larch_planks":32,"minecraft:diamond_shovel":1,"minecraft:glass":12,"minecraft:iron_boots":1,"minecraft:chest":2,"dungeonnowloading:spawner_boots":3,"travelersbackpack:iron_tier_upgrade":1,"dungeonnowloading:spawner_frame":25,"minecraft:diamond_axe":1,"minecraft:crafting_table":6,"minecraft:spruce_planks":104,"minecraft:wooden_pickaxe":2,"travelersbackpack:standard":2,"minecraft:smithing_table":1,"minecraft:pumpkin_seeds":12,"minecraft:diamond_pickaxe":1,"minecraft:stick":32,"minecraft:iron_pickaxe":1,"minecraft:furnace":1,"epicfight:diamond_spear":1,"travelersbackpack:blank_upgrade":4,"travelersbackpack:gold_tier_upgrade":1,"travelersbackpack:white_sleeping_bag":1,"dungeonnowloading:spawner_leggings":1,"minecraft:stone_pickaxe":1,"minecraft:spruce_boat":1,"minecraft:dark_oak_planks":40,"minecraft:wheat":128,"minecraft:diamond_sword":1,"wom:emerald_anklebracelet":1,"travelersbackpack:backpack_tank":2,"minecraft:iron_sword":1,"minecraft:bucket":1,"minecraft:stone_axe":1,"minecraft:bread":47,"minecraft:air":0,"dungeonnowloading:spawner_chestplate":1,"minecraft:torch":20},"minecraft:mined":{"minecraft:dark_oak_planks":1,"miners_delight:wild_cave_carrots":20,"hexerei:herb_jar":1,"minecraft:spruce_planks":11,"block_factorys_bosses:prison_door":2,"minecraft:cobblestone_stairs":1,"regions_unexplored:larch_planks":2,"minecraft:cave_vines_plant":1,"minecraft:granite":5,"minecraft:grass_block":1,"minecraft:deepslate_bricks":1,"minecraft:mud_bricks":1,"minecraft:nether_wart":3,"minecraft:spawner":10,"minecraft:sculk_catalyst":1,"minecraft:fire":2,"minecraft:moss_carpet":1,"minecraft:pumpkin":3,"minecraft:cave_vines":7,"minecraft:iron_bars":1,"minecraft:deepslate_brick_stairs":1,"minecraft:azalea_leaves":1,"minecraft:azalea":1,"regions_unexplored:larch_log":22,"minecraft:white_banner":1,"minecraft:tripwire":18,"minecraft:cyan_terracotta":6,"minecraft:amethyst_cluster":4,"minecraft:torch":1,"minecraft:dark_oak_wood":3,"iceandfire:ghost_chest":2,"minecraft:cobblestone":4,"minecraft:oak_planks":4,"minecraft:wall_torch":8,"minecraft:skeleton_skull":1,"minecraft:seagrass":1,"minecraft:dark_oak_slab":3,"minecraft:black_bed":7,"minecraft:tnt":4,"minecraft:stone_brick_stairs":1,"minecraft:grass":1,"minecraft:oak_log":1,"minecraft:sand":25,"minecraft:dirt":6,"regions_unexplored:clover":1,"minecraft:smooth_basalt":2,"minecraft:oak_leaves":2,"minecraft:deepslate":14,"alexscaves:spelunkery_table":1,"minecraft:tuff":1,"minecraft:dark_oak_log":7,"minecraft:decorated_pot":4,"minecraft:spruce_leaves":2,"minecraft:moss_block":7,"minecraft:hay_block":15,"minecraft:packed_mud":1,"minecraft:andesite":8,"minecraft:stripped_spruce_log":27,"regions_unexplored:larch_leaves":2,"minecraft:deepslate_iron_ore":3,"minecraft:vine":9,"minecraft:stripped_oak_log":4,"regions_unexplored:medium_grass":1,"iceandfire:frost_lily":1,"hexerei:mixing_cauldron":1,"minecraft:stone":87,"minecraft:white_wool":3,"minecraft:smithing_table":1,"hexerei:willow_vines":1,"hexerei:flowering_lily_pad":1,"deeperdarker:ancient_vase":24,"minecraft:crafting_table":4,"hexerei:mahogany_slab":2,"block_factorys_bosses:rusty_prison_door":2,"minecraft:copper_ore":1,"minecraft:tall_grass":3,"minecraft:lily_pad":1,"minecraft:cracked_deepslate_bricks":2,"minecraft:sculk":5,"minecraft:diorite":2,"minecraft:gray_wool":2,"minecraft:ice":1,"minecraft:spruce_log":10,"minecraft:cyan_carpet":4,"minecraft:gravel":2,"minecraft:cobweb":6,"minecraft:cracked_stone_bricks":5,"minecraft:stone_bricks":7,"hexerei:willow_vines_plant":2,"minecraft:spruce_fence_gate":1,"minecraft:polished_andesite":1,"minecraft:mossy_stone_bricks":1,"alltheores:raw_lead_block":1}},"DataVersion":3465}