{"stats":{"minecraft:mined":{"alexscaves:spelunkery_table":4,"iceandfire:silver_ore":4,"minecraft:dark_oak_log":25,"alexscaves:limestone":237,"minecraft:dark_oak_fence":8,"minecraft:grass_block":17,"alexscaves:pewen_log":2,"alexscaves:pewen_branch":1,"minecraft:light_gray_bed":2,"minecraft:moss_block":1,"minecraft:sandstone":9,"minecraft:large_fern":1,"minecraft:furnace":1,"minecraft:peony":3,"alexscaves:curly_fern":1,"minecraft:stone":524,"alexscaves:dinosaur_chop":1,"minecraft:crafting_table":3,"mekanism:tin_ore":2,"minecraft:copper_ore":10,"minecraft:light_gray_wool":4,"minecraft:tnt":1,"minecraft:coal_ore":38,"minecraft:mycelium":12,"alexscaves:cycad":2,"minecraft:gravel":1,"minecraft:dirt":44,"minecraft:red_mushroom_block":1,"minecraft:fern":2},"minecraft:custom":{"minecraft:mob_kills":25,"minecraft:interact_with_crafting_table":22,"minecraft:open_barrel":2,"minecraft:damage_dealt_resisted":209,"minecraft:leave_game":4,"minecraft:time_since_death":6603,"minecraft:sprint_one_cm":68144,"minecraft:walk_one_cm":78999,"minecraft:drop":42,"minecraft:talked_to_villager":12,"minecraft:play_time":94219,"minecraft:deaths":1,"minecraft:sneak_time":1207,"minecraft:walk_under_water_one_cm":19114,"minecraft:boat_one_cm":245383,"tombstone:tomb_raiding":2,"minecraft:jump":624,"minecraft:walk_on_water_one_cm":11051,"minecraft:total_world_time":94219,"minecraft:interact_with_furnace":5,"tombstone:raider_killed":5,"minecraft:interact_with_loom":7,"minecraft:sleep_in_bed":2,"minecraft:time_since_rest":5573,"minecraft:damage_taken":4523,"minecraft:damage_absorbed":432,"minecraft:damage_dealt":8423,"tombstone:cast_on_ally":2,"minecraft:swim_one_cm":29756,"minecraft:fly_one_cm":126695,"minecraft:open_chest":11,"minecraft:crouch_one_cm":2171,"tombstone:undead_killed":1,"minecraft:fall_one_cm":20063},"minecraft:crafted":{"minecraft:stone_shovel":9,"minecraft:cobblestone_slab":6,"vanillaplustools:stone_hammer":1,"minecraft:dark_oak_boat":1,"minecraft:furnace":1,"alexscaves:pewen_planks":8,"alexscaves:cave_map":1,"lightmanscurrency:wallet_iron":1,"minecraft:stone_pickaxe":9,"vanillaplustools:stone_shovel":1,"minecraft:dark_oak_planks":100,"iceandfire:silver_axe":1,"iceandfire:silver_ingot":4,"minecraft:crafting_table":1,"minecraft:wooden_pickaxe":1,"minecraft:air":0,"minecraft:light_gray_bed":1,"lightmanscurrency:wallet_leather":1,"minecraft:stick":80,"minecraft:stone_sword":1,"tombstone:bone_needle":1},"minecraft:picked_up":{"minecraft:crafting_table":3,"minecraft:iron_chestplate":1,"alexscaves:tough_hide":1,"illagerinvasion:platinum_chunk":1,"alexsmobs:emu_leggings":1,"minecraft:lead":2,"iceandfire:sea_serpent_scales_blue":9,"alexscaves:cave_codex":1,"minecraft:string":13,"minecraft:raw_copper":34,"alexscaves:dinosaur_chop":1,"beachparty:floaty_boat":1,"minecraft:beef":12,"butcher:cooked_dragon_meat":64,"minecraft:light_gray_wool":5,"aquamirae:remnants_saber":1,"minecraft:furnace":1,"alexscaves:cycad":2,"alexscaves:primordial_pants":1,"alexscaves:primordial_helmet":1,"minecraft:stone_button":1,"mekanism:raw_tin":2,"alexsmobs:roadrunner_boots":2,"lightmanscurrency:coin_emerald":1,"minecraft:tnt":1,"minecraft:arrow":5,"minecraft:light_gray_bed":2,"minecraft:stone_shovel":6,"alexscaves:spelunkery_table":4,"minecraft:carved_pumpkin":1,"alexsmobs:frontier_cap":1,"minecraft:cobblestone":465,"alexscaves:pewen_log":2,"iceandfire:sea_serpent_fang":2,"born_in_chaos_v1:monster_flesh":8,"minecraft:leather":4,"alexsmobs:bison_fur":2,"alexsmobs:crocodile_chestplate":1,"cataclysm:coral_spear":1,"minecraft:dirt":73,"minecraft:paper":64,"inka:coca":64,"alexsmobs:unsettling_kimono":1,"born_in_chaos_v1:monster_skin":5,"minecraft:bone":2,"minecraft:stone_pickaxe":1,"alexscaves:curly_fern":1,"lightmanscurrency:coin_iron":5,"minecraft:gravel":1,"born_in_chaos_v1:fangofthe_hound_leader":1,"minecraft:dark_oak_log":25,"lightmanscurrency:coin_copper":3,"minecraft:stone_axe":1,"mekanismtools:steel_sword":1,"lightmanscurrency:coin_gold":13,"alexscaves:primordial_tunic":1,"minecraft:emerald":9,"alexscaves:cave_map":5,"iceandfire:raw_silver":4,"minecraft:dark_oak_fence":7,"minecraft:coal":38},"minecraft:killed":{"minecraft:vindicator":1,"born_in_chaos_v1:dire_hound_leader":1,"alexsmobs:bison":2,"alexsmobs:skelewag":1,"italianbrainrotsforzaken:capuchinitos":1,"italianbrainrotsforzaken:elefante_bananini":1,"italianbrainrotsforzaken:tatatata_sahur":1,"minecraft:wandering_trader":1,"minecraft:trader_llama":2,"minecraft:pillager":4,"born_in_chaos_v1:dread_hound":2,"italianbrainrotsforzaken:trulimerito":1,"alexscaves:grottoceratops":1,"alexscaves:vallumraptor":5,"italianbrainrotsforzaken:brr_brrpatapimsitos":1},"minecraft:broken":{"cataclysm:coral_spear":1,"alexsmobs:emu_leggings":1},"minecraft:dropped":{"alexsmobs:unsettling_kimono":1,"minecraft:glass_bottle":1,"alexscaves:curly_fern":1,"minecraft:cobblestone":111,"alexsmobs:bison_fur":2,"minecraft:stick":1,"born_in_chaos_v1:monster_flesh":8,"minecraft:dirt":29,"illagerinvasion:platinum_chunk":1,"minecraft:stone_button":1,"minecraft:dark_oak_fence":1,"alexscaves:cave_map":6,"minecraft:gravel":1,"minecraft:stone_axe":1,"minecraft:stone_sword":1,"alexscaves:tough_hide":1,"minecraft:stone_shovel":6,"minecraft:light_gray_wool":1,"alexscaves:cave_codex":1,"mekanism:raw_tin":2,"minecraft:cobblestone_slab":6,"minecraft:iron_chestplate":1,"born_in_chaos_v1:fangofthe_hound_leader":1,"iceandfire:silver_ingot":1,"minecraft:carved_pumpkin":1,"minecraft:beef":12,"minecraft:arrow":5,"minecraft:wooden_pickaxe":1,"minecraft:stone_pickaxe":2},"minecraft:used":{"minecraft:stone_sword":11,"vanillaplustools:stone_hammer":99,"minecraft:dirt":4,"inka:coca":24,"iceandfire:deathworm_red_chestplate":2,"alexscaves:spelunkery_table":3,"minecraft:dark_oak_boat":1,"minecraft:furnace":1,"cataclysm:coral_spear":9,"tombstone:gift":3,"minecraft:light_gray_bed":2,"alexscaves:dinosaur_chop":1,"minecraft:stone_pickaxe":44,"minecraft:wooden_pickaxe":15,"alexsmobs:roadrunner_boots":1,"minecraft:crafting_table":4,"alexscaves:cave_book":8,"vanillaplustools:stone_shovel":10,"alexsmobs:crocodile_chestplate":1,"iceandfire:silver_axe":52,"mekanismtools:steel_sword":107,"butcher:cooked_dragon_meat":4,"beachparty:floaty_boat":1,"minecraft:cobblestone":11,"minecraft:potion":1,"alexsmobs:animal_dictionary":1}},"DataVersion":3465}