{"stats":{"minecraft:dropped":{"minecraft:bread":4,"minecraft:enchanted_book":2,"block_factorys_bosses:prison_door":1,"minecraft:wheat_seeds":1,"lightmanscurrency:coin_copper":64,"minecraft:glass_bottle":1,"minecraft:spore_blossom":1,"minecraft:decorated_pot":5,"minecraft:feather":3,"minecraft:cobblestone":4,"iceandfire:fire_dragon_flesh":9,"minecraft:lantern":1,"iceandfire:ectoplasm":7,"minecraft:coal":3,"minecraft:cobblestone_stairs":3,"minecraft:ink_sac":1,"minecraft:torch":1,"minecraft:mutton":14,"tombstone:grave_dust":1,"minecraft:sugar":8,"minecraft:lily_pad":1,"minecraft:white_wool":3,"minecraft:stone_axe":1,"minecraft:moss_carpet":1,"block_factorys_bosses:rusty_prison_door":2,"minecraft:nether_wart":9,"minecraft:chicken":1,"minecraft:rotten_flesh":1,"regions_unexplored:clover":10,"minecraft:iron_boots":1,"minecraft:gunpowder":8,"minecraft:skeleton_skull":1,"iceandfire:silver_ingot":6,"minecraft:azalea":1,"minecraft:stone_bricks":1,"lightmanscurrency:coin_iron":11,"iceandfire:fire_dragon_heart":1,"dungeonnowloading:spawner_frame":2},"minecraft:killed":{"minecraft:cave_spider":5,"minecraft:witch":2,"minecraft:spider":1,"iceandfire:dread_beast":4,"born_in_chaos_v1:maggot":2,"minecraft:skeleton":10,"iceandfire:dread_knight":1,"iceandfire:dread_thrall":1,"iceandfire:fire_dragon":1,"minecraft:chicken":1,"minecraft:husk":13,"wildernature:turkey":8,"minecraft:sheep":10,"minecraft:pillager":1,"minecraft:zombie":5,"alexsmobs:crocodile":1,"born_in_chaos_v1:corpse_fly":2,"iceandfire:dread_ghoul":1,"italianbrainrotsforzaken:pizarroto_mayonix":1},"minecraft:custom":{"minecraft:interact_with_smithing_table":1,"minecraft:mob_kills":74,"minecraft:inspect_hopper":1,"tombstone:use_vanishing":1,"minecraft:interact_with_crafting_table":32,"minecraft:open_barrel":48,"tombstone:rite_of_silent_bond":1,"minecraft:time_since_death":5780,"minecraft:climb_one_cm":13187,"minecraft:sprint_one_cm":291898,"minecraft:walk_one_cm":208003,"minecraft:drop":54,"minecraft:talked_to_villager":3,"minecraft:play_time":114673,"minecraft:deaths":8,"minecraft:sneak_time":3196,"minecraft:walk_under_water_one_cm":10190,"minecraft:boat_one_cm":49829,"minecraft:jump":1972,"minecraft:walk_on_water_one_cm":16990,"tombstone:elyra_diary":1,"minecraft:total_world_time":114673,"minecraft:interact_with_furnace":6,"tombstone:raider_killed":3,"minecraft:interact_with_loom":2,"minecraft:sleep_in_bed":5,"minecraft:time_since_rest":5805,"minecraft:damage_taken":3286,"minecraft:damage_dealt":14621,"minecraft:swim_one_cm":24261,"minecraft:fly_one_cm":475846,"minecraft:open_chest":45,"minecraft:crouch_one_cm":5955,"tombstone:undead_killed":36,"minecraft:fall_one_cm":42815,"minecraft:inspect_dispenser":4},"minecraft:broken":{"minecraft:leather_helmet":1,"minecraft:stone_axe":1},"minecraft:picked_up":{"minecraft:crafting_table":3,"minecraft:wheat":7,"regions_unexplored:larch_planks":2,"minecraft:chicken":1,"minecraft:nether_wart":9,"minecraft:smithing_table":1,"minecraft:potion":5,"minecraft:enchanted_book":1,"minecraft:string":30,"minecraft:moss_carpet":1,"dungeonnowloading:spawner_fragment":94,"minecraft:cracked_stone_bricks":1,"minecraft:candle":9,"minecraft:cobbled_deepslate":2,"iceandfire:frost_lily":1,"minecraft:spruce_planks":11,"iceandfire:dread_shard":3,"regions_unexplored:larch_log":22,"minecraft:azalea":1,"minecraft:iron_boots":1,"iceandfire:dragonbone":7,"minecraft:torch":11,"tombstone:readable_scroll":1,"tombstone:grave_dust":1,"alexsmobs:crocodile_scute":1,"minecraft:tnt":1,"block_factorys_bosses:prison_door":1,"iceandfire:silver_ingot":6,"minecraft:arrow":8,"minecraft:rotten_flesh":10,"minecraft:decorated_pot":7,"alexscaves:spelunkery_table":1,"minecraft:hay_block":15,"iceandfire:fire_dragon_heart":1,"minecraft:glow_berries":11,"minecraft:mutton":14,"minecraft:white_wool":9,"minecraft:iron_bars":1,"minecraft:skeleton_skull":1,"minecraft:cobblestone":61,"born_in_chaos_v1:corpse_maggot":2,"minecraft:feather":3,"minecraft:mud_bricks":1,"minecraft:golden_carrot":35,"minecraft:black_bed":7,"wildernature:turkey_meat":17,"minecraft:packed_mud":1,"minecraft:oak_log":2,"minecraft:lily_pad":1,"iceandfire:ectoplasm":7,"block_factorys_bosses:rusty_prison_door":2,"minecraft:gunpowder":6,"minecraft:cobblestone_stairs":3,"minecraft:dirt":4,"minecraft:lantern":3,"minecraft:bone":28,"minecraft:stone_bricks":7,"minecraft:wheat_seeds":2,"minecraft:spore_blossom":2,"minecraft:iron_ingot":6,"tombstone:bag_of_seeds":1,"minecraft:mossy_stone_bricks":1,"lightmanscurrency:coin_iron":41,"camera:image":1,"minecraft:moss_block":5,"iceandfire:fire_dragon_flesh":9,"hexerei:mixing_cauldron":1,"minecraft:dark_oak_slab":3,"minecraft:pumpkin":3,"dungeonnowloading:spawner_frame":2,"iceandfire:dragon_skull_fire":3,"minecraft:sand":24,"minecraft:amethyst_shard":48,"minecraft:stripped_spruce_log":22,"minecraft:spruce_sapling":1,"minecraft:ink_sac":2,"minecraft:spruce_log":10,"minecraft:dark_oak_log":4,"minecraft:spider_eye":4,"minecraft:mossy_cobblestone":1,"minecraft:bundle":1,"lightmanscurrency:coin_copper":140,"hexerei:mahogany_slab":2,"minecraft:spruce_boat":1,"minecraft:stone_axe":1,"hexerei:herb_jar":1,"regions_unexplored:clover":10,"minecraft:granite":4,"minecraft:emerald":2,"tombstone:magic_scroll":1,"minecraft:dark_oak_wood":3},"minecraft:used":{"minecraft:moss_block":4,"minecraft:stone_sword":38,"dungeonnowloading:spawner_leggings":1,"minecraft:chest":1,"minecraft:decorated_pot":1,"minecraft:spruce_planks":30,"minecraft:vex_spawn_egg":41,"minecraft:rotten_flesh":1,"minecraft:torch":23,"minecraft:dirt":4,"hexerei:herb_jar":1,"minecraft:granite":4,"minecraft:spruce_boat":1,"born_in_chaos_v1:corpse_maggot":2,"minecraft:dark_oak_planks":9,"minecraft:lantern":7,"minecraft:dark_oak_slab":3,"hexerei:mahogany_slab":2,"minecraft:mud_bricks":1,"minecraft:stone_bricks":6,"alexscaves:spelunkery_table":1,"minecraft:golden_carrot":12,"regions_unexplored:larch_planks":2,"minecraft:furnace":1,"hexerei:tallow_bottle":2,"tombstone:gift":8,"dungeonnowloading:spawner_chestplate":1,"minecraft:cobbled_deepslate":2,"minecraft:powder_snow_bucket":1,"minecraft:water_bucket":14,"minecraft:mossy_stone_bricks":1,"minecraft:glass_bottle":7,"minecraft:oak_planks":8,"minecraft:wooden_pickaxe":122,"minecraft:cracked_stone_bricks":1,"minecraft:glow_berries":18,"minecraft:mossy_cobblestone":1,"epicfight:diamond_spear":211,"minecraft:crafting_table":6,"dungeonnowloading:spawner_boots":1,"minecraft:black_bed":7,"minecraft:spruce_log":5,"hexerei:blood_bottle":1,"minecraft:diamond_pickaxe":11,"minecraft:diamond_shovel":32,"minecraft:bread":6,"minecraft:spruce_sapling":1,"minecraft:stone_axe":122,"hexerei:mixing_cauldron":1,"minecraft:cobblestone":44,"minecraft:potion":6,"iceandfire:dragon_skull_fire":3,"minecraft:smithing_table":1,"minecraft:bucket":16,"minecraft:air":1},"minecraft:crafted":{"minecraft:oak_planks":8,"minecraft:furnace":1,"regions_unexplored:larch_planks":32,"minecraft:diamond_shovel":1,"travelersbackpack:gold_tier_upgrade":1,"travelersbackpack:blank_upgrade":4,"epicfight:diamond_spear":1,"minecraft:glass":12,"travelersbackpack:white_sleeping_bag":1,"dungeonnowloading:spawner_leggings":1,"minecraft:chest":2,"minecraft:spruce_boat":1,"dungeonnowloading:spawner_boots":3,"minecraft:dark_oak_planks":28,"minecraft:wheat":128,"travelersbackpack:iron_tier_upgrade":1,"minecraft:diamond_sword":1,"dungeonnowloading:spawner_frame":25,"minecraft:diamond_axe":1,"minecraft:crafting_table":3,"minecraft:spruce_planks":104,"travelersbackpack:backpack_tank":2,"minecraft:wooden_pickaxe":1,"travelersbackpack:standard":2,"minecraft:smithing_table":1,"minecraft:bucket":1,"minecraft:pumpkin_seeds":12,"minecraft:stone_axe":1,"minecraft:bread":46,"minecraft:air":0,"dungeonnowloading:spawner_chestplate":1,"minecraft:diamond_pickaxe":1,"minecraft:stick":24,"minecraft:torch":20},"minecraft:mined":{"hexerei:herb_jar":1,"alexscaves:spelunkery_table":1,"minecraft:tuff":1,"minecraft:spruce_planks":11,"block_factorys_bosses:prison_door":2,"minecraft:cobblestone_stairs":1,"minecraft:dark_oak_log":4,"regions_unexplored:larch_planks":2,"minecraft:cave_vines_plant":1,"minecraft:granite":4,"minecraft:grass_block":1,"minecraft:decorated_pot":4,"minecraft:spruce_leaves":1,"minecraft:mud_bricks":1,"minecraft:moss_block":7,"minecraft:nether_wart":3,"minecraft:spawner":10,"minecraft:hay_block":15,"minecraft:packed_mud":1,"minecraft:fire":2,"minecraft:pumpkin":3,"minecraft:stripped_spruce_log":27,"minecraft:moss_carpet":1,"regions_unexplored:larch_leaves":2,"minecraft:cave_vines":7,"minecraft:vine":8,"minecraft:iron_bars":1,"minecraft:stripped_oak_log":4,"regions_unexplored:medium_grass":1,"iceandfire:frost_lily":1,"minecraft:azalea_leaves":1,"hexerei:mixing_cauldron":1,"minecraft:azalea":1,"regions_unexplored:larch_log":22,"minecraft:stone":59,"minecraft:white_wool":3,"minecraft:tripwire":18,"minecraft:smithing_table":1,"hexerei:willow_vines":1,"hexerei:flowering_lily_pad":1,"minecraft:cyan_terracotta":6,"minecraft:amethyst_cluster":4,"minecraft:crafting_table":3,"minecraft:torch":1,"minecraft:dark_oak_wood":3,"hexerei:mahogany_slab":2,"block_factorys_bosses:rusty_prison_door":2,"iceandfire:ghost_chest":1,"minecraft:tall_grass":2,"minecraft:cobblestone":1,"minecraft:lily_pad":1,"minecraft:wall_torch":8,"minecraft:skeleton_skull":1,"minecraft:seagrass":1,"minecraft:dark_oak_slab":3,"minecraft:spruce_log":10,"minecraft:tnt":1,"minecraft:black_bed":7,"minecraft:cyan_carpet":4,"minecraft:sand":25,"minecraft:dirt":3,"regions_unexplored:clover":1,"minecraft:cobweb":6,"minecraft:cracked_stone_bricks":1,"minecraft:smooth_basalt":2,"hexerei:willow_vines_plant":2,"minecraft:stone_bricks":7,"minecraft:mossy_stone_bricks":1,"minecraft:oak_leaves":2,"minecraft:deepslate":2}},"DataVersion":3465}