{"stats":{"minecraft:mined":{"minecraft:coal_ore":14,"iceandfire:silver_ore":4,"minecraft:stone":31,"minecraft:red_mushroom_block":1,"minecraft:dark_oak_log":9},"minecraft:custom":{"minecraft:time_since_rest":13303,"minecraft:crouch_one_cm":320,"minecraft:play_time":13303,"minecraft:sprint_one_cm":2645,"minecraft:walk_one_cm":2304,"minecraft:sneak_time":229,"minecraft:walk_under_water_one_cm":845,"minecraft:drop":1,"minecraft:jump":24,"minecraft:time_since_death":13303,"minecraft:leave_game":1,"minecraft:walk_on_water_one_cm":52,"minecraft:total_world_time":13303,"minecraft:swim_one_cm":1986,"minecraft:interact_with_crafting_table":4,"minecraft:fall_one_cm":1223,"minecraft:fly_one_cm":3699},"minecraft:crafted":{"minecraft:dark_oak_planks":36,"minecraft:crafting_table":1,"minecraft:stick":8,"minecraft:wooden_pickaxe":1,"minecraft:stone_pickaxe":1},"minecraft:picked_up":{"minecraft:stone_pickaxe":1,"minecraft:coal":14,"iceandfire:raw_silver":4,"minecraft:dark_oak_log":9,"minecraft:cobblestone":31},"minecraft:dropped":{"minecraft:stone_pickaxe":1},"minecraft:used":{"minecraft:crafting_table":1,"minecraft:stone_pickaxe":44,"alexsmobs:animal_dictionary":1,"minecraft:wooden_pickaxe":5}},"DataVersion":3465}