{"stats":{"minecraft:dropped":{"minecraft:moss_carpet":1,"minecraft:stone_axe":1,"minecraft:spore_blossom":1,"minecraft:decorated_pot":5,"minecraft:lantern":1,"minecraft:cobblestone_stairs":2,"tombstone:grave_dust":1,"minecraft:stone_bricks":1,"minecraft:lily_pad":1},"minecraft:killed":{"minecraft:cave_spider":2,"minecraft:witch":1,"minecraft:skeleton":1,"alexsmobs:crocodile":1,"minecraft:zombie":2,"born_in_chaos_v1:corpse_fly":2},"minecraft:custom":{"minecraft:mob_kills":13,"minecraft:inspect_hopper":1,"tombstone:raider_killed":1,"minecraft:interact_with_crafting_table":7,"minecraft:open_barrel":24,"minecraft:time_since_death":12773,"minecraft:sleep_in_bed":1,"minecraft:climb_one_cm":7666,"minecraft:time_since_rest":12797,"minecraft:sprint_one_cm":106788,"minecraft:damage_taken":1729,"minecraft:walk_one_cm":83312,"minecraft:drop":14,"minecraft:damage_dealt":2221,"minecraft:fly_one_cm":98652,"minecraft:open_chest":12,"minecraft:crouch_one_cm":3329,"minecraft:deaths":5,"minecraft:play_time":42673,"tombstone:undead_killed":4,"minecraft:sneak_time":1593,"minecraft:jump":443,"minecraft:walk_on_water_one_cm":6279,"minecraft:total_world_time":42673,"minecraft:fall_one_cm":8269,"minecraft:inspect_dispenser":4},"minecraft:picked_up":{"born_in_chaos_v1:corpse_maggot":2,"minecraft:crafting_table":2,"minecraft:mud_bricks":1,"minecraft:black_bed":2,"minecraft:packed_mud":1,"minecraft:oak_log":2,"minecraft:lily_pad":1,"minecraft:cobblestone_stairs":2,"minecraft:gunpowder":2,"minecraft:moss_carpet":1,"minecraft:string":25,"minecraft:lantern":3,"dungeonnowloading:spawner_fragment":94,"minecraft:stone_bricks":4,"minecraft:cracked_stone_bricks":1,"minecraft:wheat_seeds":1,"minecraft:candle":9,"minecraft:spore_blossom":2,"minecraft:spruce_planks":11,"minecraft:mossy_stone_bricks":1,"minecraft:moss_block":1,"camera:image":1,"lightmanscurrency:coin_iron":11,"hexerei:mixing_cauldron":1,"minecraft:dark_oak_slab":3,"minecraft:torch":2,"minecraft:stripped_spruce_log":1,"tombstone:grave_dust":1,"minecraft:dark_oak_log":4,"minecraft:spider_eye":1,"minecraft:mossy_cobblestone":1,"alexsmobs:crocodile_scute":1,"lightmanscurrency:coin_copper":40,"hexerei:mahogany_slab":2,"minecraft:rotten_flesh":1,"minecraft:decorated_pot":7,"minecraft:stone_axe":1,"hexerei:herb_jar":1,"minecraft:glow_berries":6,"minecraft:dark_oak_wood":3,"minecraft:iron_bars":1,"minecraft:skeleton_skull":1,"minecraft:cobblestone":3},"minecraft:used":{"minecraft:mossy_stone_bricks":1,"minecraft:stone_sword":35,"dungeonnowloading:spawner_leggings":1,"minecraft:oak_planks":7,"minecraft:spruce_planks":11,"minecraft:decorated_pot":1,"minecraft:wooden_pickaxe":46,"minecraft:vex_spawn_egg":41,"minecraft:rotten_flesh":1,"minecraft:torch":2,"minecraft:glow_berries":6,"minecraft:crafting_table":2,"hexerei:herb_jar":1,"dungeonnowloading:spawner_boots":1,"minecraft:black_bed":1,"born_in_chaos_v1:corpse_maggot":2,"hexerei:blood_bottle":1,"minecraft:dark_oak_planks":9,"minecraft:lantern":6,"minecraft:bread":1,"minecraft:dark_oak_slab":3,"hexerei:mahogany_slab":2,"minecraft:mud_bricks":1,"minecraft:stone_bricks":3,"minecraft:stone_axe":33,"hexerei:mixing_cauldron":1,"hexerei:tallow_bottle":2,"tombstone:gift":6,"dungeonnowloading:spawner_chestplate":1},"minecraft:crafted":{"minecraft:oak_planks":8,"dungeonnowloading:spawner_frame":25,"minecraft:crafting_table":1,"minecraft:wooden_pickaxe":1,"minecraft:stone_axe":1,"minecraft:bread":1,"dungeonnowloading:spawner_chestplate":1,"dungeonnowloading:spawner_leggings":1,"minecraft:stick":4,"dungeonnowloading:spawner_boots":1,"minecraft:dark_oak_planks":28},"minecraft:mined":{"hexerei:herb_jar":1,"hexerei:willow_vines":1,"minecraft:spruce_planks":11,"hexerei:flowering_lily_pad":1,"minecraft:dark_oak_log":4,"minecraft:torch":1,"minecraft:crafting_table":2,"minecraft:cave_vines_plant":1,"minecraft:dark_oak_wood":3,"hexerei:mahogany_slab":2,"minecraft:decorated_pot":4,"minecraft:tall_grass":1,"minecraft:moss_block":2,"minecraft:lily_pad":1,"minecraft:mud_bricks":1,"minecraft:wall_torch":1,"minecraft:spawner":9,"minecraft:skeleton_skull":1,"minecraft:seagrass":1,"minecraft:dark_oak_slab":3,"minecraft:packed_mud":1,"minecraft:stripped_spruce_log":5,"minecraft:black_bed":2,"minecraft:cave_vines":2,"minecraft:vine":5,"minecraft:iron_bars":1,"minecraft:cobweb":6,"minecraft:cracked_stone_bricks":1,"hexerei:mixing_cauldron":1,"minecraft:stone_bricks":3,"hexerei:willow_vines_plant":2,"minecraft:stone":3,"minecraft:mossy_stone_bricks":1,"minecraft:oak_leaves":2,"minecraft:tripwire":18}},"DataVersion":3465}