{
  "butcher:firstjoinadvancement": {
    "criteria": {
      "firstjoinadvancement_0": "2025-08-02 04:45:14 +0000"
    },
    "done": true
  },
  "butcher:firstjoinmessage": {
    "criteria": {
      "firstjoinmessage_0": "2025-08-02 04:45:14 +0000"
    },
    "done": true
  },
  "minecraft:recipes/decorations/crafting_table": {
    "criteria": {
      "unlock_right_away": "2025-08-02 04:45:14 +0000"
    },
    "done": true
  },
  "mekanism:root": {
    "criteria": {
      "automatic": "2025-08-02 04:45:14 +0000"
    },
    "done": true
  },
  "iceandfire:iceandfire/root": {
    "criteria": {
      "tick": "2025-08-02 04:45:14 +0000"
    },
    "done": true
  },
  "farmersdelight:main/root": {
    "criteria": {
      "seeds": "2025-08-02 04:45:14 +0000"
    },
    "done": true
  },
  "minecraft:adventure/adventuring_time": {
    "criteria": {
      "minecraft:taiga": "2025-08-02 04:47:32 +0000",
      "minecraft:eroded_badlands": "2025-08-06 15:58:00 +0000",
      "minecraft:birch_forest": "2025-08-02 04:52:46 +0000",
      "minecraft:badlands": "2025-08-02 21:46:21 +0000",
      "minecraft:dark_forest": "2025-08-02 05:16:54 +0000",
      "minecraft:river": "2025-08-02 04:47:12 +0000",
      "minecraft:dripstone_caves": "2025-08-02 04:56:20 +0000",
      "minecraft:forest": "2025-08-02 04:45:14 +0000",
      "minecraft:lush_caves": "2025-08-02 05:37:01 +0000",
      "minecraft:desert": "2025-08-02 21:46:04 +0000"
    },
    "done": false
  },
  "tombstone:adventure/root": {
    "criteria": {
      "auto": "2025-08-02 04:45:14 +0000"
    },
    "done": true
  },
  "minecraft:recipes/transportation/cherry_boat": {
    "criteria": {
      "in_water": "2025-08-02 04:46:43 +0000"
    },
    "done": true
  },
  "minecraft:recipes/transportation/bamboo_raft": {
    "criteria": {
      "in_water": "2025-08-02 04:46:43 +0000"
    },
    "done": true
  },
  "minecraft:recipes/transportation/spruce_boat": {
    "criteria": {
      "in_water": "2025-08-02 04:46:43 +0000"
    },
    "done": true
  },
  "minecraft:recipes/transportation/birch_boat": {
    "criteria": {
      "in_water": "2025-08-02 04:46:43 +0000"
    },
    "done": true
  },
  "minecraft:recipes/transportation/oak_boat": {
    "criteria": {
      "in_water": "2025-08-02 04:46:43 +0000"
    },
    "done": true
  },
  "minecraft:recipes/transportation/mangrove_boat": {
    "criteria": {
      "in_water": "2025-08-02 04:46:43 +0000"
    },
    "done": true
  },
  "minecraft:recipes/transportation/acacia_boat": {
    "criteria": {
      "in_water": "2025-08-02 04:46:43 +0000"
    },
    "done": true
  },
  "minecraft:recipes/transportation/jungle_boat": {
    "criteria": {
      "in_water": "2025-08-02 04:46:43 +0000"
    },
    "done": true
  },
  "minecraft:recipes/transportation/dark_oak_boat": {
    "criteria": {
      "in_water": "2025-08-02 04:46:43 +0000"
    },
    "done": true
  },
  "butcher:dragon_armor": {
    "criteria": {
      "dragon_armor_0": "2025-08-02 04:48:51 +0000"
    },
    "done": true
  },
  "minecraft:recipes/decorations/chest": {
    "criteria": {
      "has_lots_of_items": "2025-08-02 04:48:54 +0000"
    },
    "done": true
  },
  "alexscaves:alexscaves/nuclear_bomb": {
    "criteria": {
      "nuclear_bomb": "2025-08-02 04:52:54 +0000"
    },
    "done": true
  },
  "iceandfire:recipes/tools/silver_ingot_from_smelting_raw_silver": {
    "criteria": {
      "has_raw_silver": "2025-08-02 04:56:12 +0000"
    },
    "done": true
  },
  "iceandfire:recipes/building_blocks/raw_silver_to_raw_silver_block": {
    "criteria": {
      "has_raw_silver": "2025-08-02 04:56:12 +0000"
    },
    "done": true
  },
  "iceandfire:recipes/tools/silver_ingot_from_blasting_raw_silver": {
    "criteria": {
      "has_raw_silver": "2025-08-02 04:56:12 +0000"
    },
    "done": true
  },
  "minecraft:husbandry/root": {
    "criteria": {
      "consumed_item": "2025-08-02 05:32:27 +0000"
    },
    "done": true
  },
  "alexscaves:alexscaves/eat_radiation_foods": {
    "criteria": {
      "green_soylent": "2025-08-02 05:32:27 +0000"
    },
    "done": false
  },
  "alexscaves:alexscaves/hazmat_armor": {
    "criteria": {
      "helmet": "2025-08-02 05:32:33 +0000"
    },
    "done": false
  },
  "cataclysm:root": {
    "criteria": {
      "custom_test_name": "2025-08-02 21:42:27 +0000"
    },
    "done": true
  },
  "cataclysm:find_cursed_pyramid": {
    "criteria": {
      "pyramid": "2025-08-02 21:46:21 +0000"
    },
    "done": true
  },
  "minecraft:adventure/root": {
    "criteria": {
      "killed_something": "2025-08-02 21:47:27 +0000"
    },
    "done": true
  },
  "minecraft:recipes/misc/mojang_banner_pattern": {
    "criteria": {
      "has_enchanted_golden_apple": "2025-08-02 21:48:41 +0000"
    },
    "done": true
  },
  "minecraft:husbandry/balanced_diet": {
    "criteria": {
      "enchanted_golden_apple": "2025-08-02 21:48:43 +0000"
    },
    "done": false
  },
  "tombstone:adventure/find_grave_dust": {
    "criteria": {
      "from_undead": "2025-08-02 21:49:55 +0000"
    },
    "done": true
  },
  "tombstone:recipes/from_grave_dust": {
    "criteria": {
      "has_ingredient": "2025-08-02 21:49:55 +0000"
    },
    "done": true
  },
  "tombstone:adventure/first_knowledge": {
    "criteria": {
      "coded_trigger": "2025-08-02 21:49:58 +0000"
    },
    "done": true
  },
  "tombstone:adventure/ashes_and_bones": {
    "criteria": {
      "coded_trigger": "2025-08-02 21:49:58 +0000"
    },
    "done": true
  },
  "brewinandchewin:main/root": {
    "criteria": {
      "beer": "2025-08-06 15:54:39 +0000"
    },
    "done": true
  },
  "aether:recipes/combat/diamond_sword_repairing": {
    "criteria": {
      "has_diamond_sword": "2025-08-06 15:54:39 +0000"
    },
    "done": true
  },
  "aether:recipes/decorations/skyroot_chest": {
    "criteria": {
      "has_lots_of_items": "2025-08-06 15:54:39 +0000"
    },
    "done": true
  },
  "aether:recipes/tools/flint_and_steel_repairing": {
    "criteria": {
      "has_flint_and_steel": "2025-08-06 15:54:39 +0000"
    },
    "done": true
  },
  "born_in_chaos_v1:bornin_chaos": {
    "criteria": {
      "bornin_chaos_0": "2025-08-06 15:54:40 +0000"
    },
    "done": true
  },
  "aether:recipes/decorations/skyroot_loom": {
    "criteria": {
      "has_string": "2025-08-06 15:57:13 +0000"
    },
    "done": true
  },
  "refurbished_furniture:recipes/misc/spatula": {
    "criteria": {
      "has_string": "2025-08-06 15:57:13 +0000"
    },
    "done": true
  },
  "refurbished_furniture:recipes/misc/constructing/orange_trampoline": {
    "criteria": {
      "has_string": "2025-08-06 15:57:13 +0000"
    },
    "done": true
  },
  "refurbished_furniture:recipes/misc/constructing/cyan_trampoline": {
    "criteria": {
      "has_string": "2025-08-06 15:57:13 +0000"
    },
    "done": true
  },
  "refurbished_furniture:recipes/misc/constructing/brown_trampoline": {
    "criteria": {
      "has_string": "2025-08-06 15:57:13 +0000"
    },
    "done": true
  },
  "minecraft:recipes/redstone/tripwire_hook": {
    "criteria": {
      "has_string": "2025-08-06 15:57:13 +0000"
    },
    "done": true
  },
  "refurbished_furniture:recipes/misc/constructing/light_blue_trampoline": {
    "criteria": {
      "has_string": "2025-08-06 15:57:13 +0000"
    },
    "done": true
  },
  "minecraft:recipes/decorations/candle": {
    "criteria": {
      "has_string": "2025-08-06 15:57:13 +0000"
    },
    "done": true
  },
  "refurbished_furniture:recipes/misc/constructing/red_trampoline": {
    "criteria": {
      "has_string": "2025-08-06 15:57:13 +0000"
    },
    "done": true
  },
  "refurbished_furniture:recipes/misc/constructing/blue_trampoline": {
    "criteria": {
      "has_string": "2025-08-06 15:57:13 +0000"
    },
    "done": true
  },
  "aether:recipes/redstone/skyroot_tripwire_hook": {
    "criteria": {
      "has_string": "2025-08-06 15:57:13 +0000"
    },
    "done": true
  },
  "refurbished_furniture:recipes/misc/constructing/white_trampoline": {
    "criteria": {
      "has_string": "2025-08-06 15:57:13 +0000"
    },
    "done": true
  },
  "minecraft:recipes/combat/crossbow": {
    "criteria": {
      "has_string": "2025-08-06 15:57:13 +0000"
    },
    "done": true
  },
  "refurbished_furniture:recipes/misc/constructing/yellow_trampoline": {
    "criteria": {
      "has_string": "2025-08-06 15:57:13 +0000"
    },
    "done": true
  },
  "refurbished_furniture:recipes/misc/constructing/magenta_trampoline": {
    "criteria": {
      "has_string": "2025-08-06 15:57:13 +0000"
    },
    "done": true
  },
  "refurbished_furniture:recipes/misc/constructing/gray_trampoline": {
    "criteria": {
      "has_string": "2025-08-06 15:57:13 +0000"
    },
    "done": true
  },
  "minecraft:recipes/combat/bow": {
    "criteria": {
      "has_string": "2025-08-06 15:57:13 +0000"
    },
    "done": true
  },
  "minecraft:recipes/tools/fishing_rod": {
    "criteria": {
      "has_string": "2025-08-06 15:57:13 +0000"
    },
    "done": true
  },
  "refurbished_furniture:recipes/misc/constructing/light_gray_trampoline": {
    "criteria": {
      "has_string": "2025-08-06 15:57:13 +0000"
    },
    "done": true
  },
  "refurbished_furniture:recipes/misc/constructing/green_trampoline": {
    "criteria": {
      "has_string": "2025-08-06 15:57:13 +0000"
    },
    "done": true
  },
  "refurbished_furniture:recipes/misc/constructing/lime_trampoline": {
    "criteria": {
      "has_string": "2025-08-06 15:57:13 +0000"
    },
    "done": true
  },
  "refurbished_furniture:recipes/misc/constructing/black_trampoline": {
    "criteria": {
      "has_string": "2025-08-06 15:57:13 +0000"
    },
    "done": true
  },
  "refurbished_furniture:recipes/misc/knife": {
    "criteria": {
      "has_string": "2025-08-06 15:57:13 +0000"
    },
    "done": true
  },
  "refurbished_furniture:recipes/misc/wrench": {
    "criteria": {
      "has_string": "2025-08-06 15:57:13 +0000"
    },
    "done": true
  },
  "refurbished_furniture:recipes/misc/constructing/pink_trampoline": {
    "criteria": {
      "has_string": "2025-08-06 15:57:13 +0000"
    },
    "done": true
  },
  "minecraft:recipes/building_blocks/white_wool_from_string": {
    "criteria": {
      "has_string": "2025-08-06 15:57:13 +0000"
    },
    "done": true
  },
  "refurbished_furniture:recipes/misc/constructing/purple_trampoline": {
    "criteria": {
      "has_string": "2025-08-06 15:57:13 +0000"
    },
    "done": true
  },
  "minecraft:recipes/decorations/loom": {
    "criteria": {
      "has_string": "2025-08-06 15:57:13 +0000"
    },
    "done": true
  },
  "travelersbackpack:recipes/misc/standard_no_tanks": {
    "criteria": {
      "has_chest": "2025-08-09 23:09:00 +0000"
    },
    "done": true
  },
  "travelersbackpack:recipes/misc/standard": {
    "criteria": {
      "has_chest": "2025-08-09 23:09:00 +0000"
    },
    "done": true
  },
  "ad_astra:tier_4_rocket": {
    "criteria": {
      "has_tier_4_rocket": "2025-08-09 23:09:43 +0000"
    },
    "done": true
  },
  "ad_astra:mars": {
    "criteria": {
      "entered_mars": "2025-08-09 23:11:16 +0000"
    },
    "done": true
  },
  "ad_astra:recipes/misc/ostrum_ingot_from_ostrum_block": {
    "criteria": {
      "has_ostrum_ingot": "2025-08-09 23:13:38 +0000"
    },
    "done": true
  },
  "ad_astra:recipes/compressing/compressing/ostrum_plate_from_compressing_ostrum_blocks": {
    "criteria": {
      "has_item": "2025-08-09 23:13:38 +0000"
    },
    "done": true
  },
  "alexsmobs:alexsmobs/emu": {
    "criteria": {
      "killed_by": "2025-08-09 23:15:55 +0000"
    },
    "done": true
  },
  "deeperdarker:recipes/transportation/echo_boat": {
    "criteria": {
      "in_water": "2025-08-10 00:37:13 +0000"
    },
    "done": true
  },
  "aether:recipes/transportation/skyroot_boat": {
    "criteria": {
      "in_water": "2025-08-10 00:37:13 +0000"
    },
    "done": true
  },
  "deeperdarker:recipes/transportation/bloom_boat": {
    "criteria": {
      "in_water": "2025-08-10 00:37:13 +0000"
    },
    "done": true
  },
  "DataVersion": 3465
}