{
  "takesapillage:root": {
    "criteria": {
      "always": "2026-01-04 00:43:05 +0000"
    },
    "done": true
  },
  "butcher:firstjoinadvancement": {
    "criteria": {
      "firstjoinadvancement_0": "2026-01-04 00:43:05 +0000"
    },
    "done": true
  },
  "create:root": {
    "criteria": {
      "0": "2026-01-04 00:43:05 +0000"
    },
    "done": true
  },
  "minecraft:recipes/decorations/crafting_table": {
    "criteria": {
      "unlock_right_away": "2026-01-04 00:43:05 +0000"
    },
    "done": true
  },
  "mekanism:root": {
    "criteria": {
      "automatic": "2026-01-04 00:43:05 +0000"
    },
    "done": true
  },
  "iceandfire:iceandfire/root": {
    "criteria": {
      "tick": "2026-01-04 00:43:05 +0000"
    },
    "done": true
  },
  "brewinandchewin:main/root": {
    "criteria": {
      "beer": "2026-01-04 00:43:05 +0000"
    },
    "done": true
  },
  "born_in_chaos_v1:bornin_chaos": {
    "criteria": {
      "bornin_chaos_0": "2026-01-04 00:43:05 +0000"
    },
    "done": true
  },
  "vinery:main/root": {
    "criteria": {
      "seeds": "2026-01-04 00:43:05 +0000"
    },
    "done": true
  },
  "butcher:firstjoinmessage": {
    "criteria": {
      "firstjoinmessage_0": "2026-01-04 00:43:05 +0000"
    },
    "done": true
  },
  "mowziesmobs:root": {
    "criteria": {
      "custom_test_name": "2026-01-04 00:43:05 +0000"
    },
    "done": true
  },
  "incendium:technical/new_player": {
    "criteria": {
      "requirement": "2026-01-04 00:43:05 +0000"
    },
    "done": true
  },
  "cataclysm:root": {
    "criteria": {
      "custom_test_name": "2026-01-04 00:43:05 +0000"
    },
    "done": true
  },
  "alienevo:alien_evolution": {
    "criteria": {
      "tick": "2026-01-04 00:43:05 +0000"
    },
    "done": true
  },
  "farmersdelight:main/root": {
    "criteria": {
      "seeds": "2026-01-04 00:43:05 +0000"
    },
    "done": true
  },
  "incendium:technical/using/ragnarok": {
    "criteria": {
      "log_spam_fixer": "2026-01-04 00:43:07 +0000"
    },
    "done": false
  },
  "incendium:technical/using/shield": {
    "criteria": {
      "log_spam_fixer": "2026-01-04 00:43:07 +0000"
    },
    "done": false
  },
  "tombstone:adventure/root": {
    "criteria": {
      "auto": "2026-01-04 00:43:07 +0000"
    },
    "done": true
  },
  "beachparty:main/root": {
    "criteria": {
      "example_criterion": "2026-01-04 00:43:07 +0000"
    },
    "done": true
  },
  "regions_unexplored:parent": {
    "criteria": {
      "load_in_world": "2026-01-04 00:43:07 +0000"
    },
    "done": true
  },
  "incendium:technical/scroll_of_returning": {
    "criteria": {
      "log_spam_fixer": "2026-01-04 00:43:07 +0000"
    },
    "done": false
  },
  "incendium:technical/using/trailblazer": {
    "criteria": {
      "log_spam_fixer": "2026-01-04 00:43:07 +0000"
    },
    "done": false
  },
  "minecraft:adventure/adventuring_time": {
    "criteria": {
      "minecraft:dark_forest": "2026-01-09 19:26:31 +0000",
      "minecraft:snowy_plains": "2026-01-09 19:27:40 +0000",
      "minecraft:swamp": "2026-01-04 00:43:07 +0000",
      "minecraft:lush_caves": "2026-01-08 19:22:11 +0000",
      "minecraft:windswept_forest": "2026-01-09 19:29:23 +0000",
      "minecraft:plains": "2026-01-09 19:29:01 +0000"
    },
    "done": false
  },
  "regions_unexplored:recipes/transportation/maple_boat": {
    "criteria": {
      "in_water": "2026-01-04 00:43:44 +0000"
    },
    "done": true
  },
  "deeperdarker:recipes/transportation/echo_boat": {
    "criteria": {
      "in_water": "2026-01-04 00:43:44 +0000"
    },
    "done": true
  },
  "aether:recipes/transportation/skyroot_boat": {
    "criteria": {
      "in_water": "2026-01-04 00:43:44 +0000"
    },
    "done": true
  },
  "deeperdarker:recipes/transportation/bloom_boat": {
    "criteria": {
      "in_water": "2026-01-04 00:43:44 +0000"
    },
    "done": true
  },
  "regions_unexplored:recipes/transportation/magnolia_boat": {
    "criteria": {
      "in_water": "2026-01-04 00:43:44 +0000"
    },
    "done": true
  },
  "minecraft:recipes/transportation/cherry_boat": {
    "criteria": {
      "in_water": "2026-01-04 00:43:44 +0000"
    },
    "done": true
  },
  "minecraft:recipes/transportation/acacia_boat": {
    "criteria": {
      "in_water": "2026-01-04 00:43:44 +0000"
    },
    "done": true
  },
  "minecraft:recipes/transportation/jungle_boat": {
    "criteria": {
      "in_water": "2026-01-04 00:43:44 +0000"
    },
    "done": true
  },
  "regions_unexplored:recipes/transportation/pine_boat": {
    "criteria": {
      "in_water": "2026-01-04 00:43:44 +0000"
    },
    "done": true
  },
  "regions_unexplored:recipes/transportation/socotra_boat": {
    "criteria": {
      "in_water": "2026-01-04 00:43:44 +0000"
    },
    "done": true
  },
  "minecraft:recipes/transportation/spruce_boat": {
    "criteria": {
      "in_water": "2026-01-04 00:43:44 +0000"
    },
    "done": true
  },
  "regions_unexplored:recipes/transportation/dead_boat": {
    "criteria": {
      "in_water": "2026-01-04 00:43:44 +0000"
    },
    "done": true
  },
  "minecraft:recipes/transportation/mangrove_boat": {
    "criteria": {
      "in_water": "2026-01-04 00:43:44 +0000"
    },
    "done": true
  },
  "regions_unexplored:recipes/transportation/baobab_boat": {
    "criteria": {
      "in_water": "2026-01-04 00:43:44 +0000"
    },
    "done": true
  },
  "regions_unexplored:recipes/transportation/joshua_boat": {
    "criteria": {
      "in_water": "2026-01-04 00:43:44 +0000"
    },
    "done": true
  },
  "minecraft:recipes/transportation/dark_oak_boat": {
    "criteria": {
      "in_water": "2026-01-04 00:43:44 +0000"
    },
    "done": true
  },
  "minecraft:recipes/transportation/bamboo_raft": {
    "criteria": {
      "in_water": "2026-01-04 00:43:44 +0000"
    },
    "done": true
  },
  "regions_unexplored:recipes/transportation/kapok_boat": {
    "criteria": {
      "in_water": "2026-01-04 00:43:44 +0000"
    },
    "done": true
  },
  "regions_unexplored:recipes/transportation/cypress_boat": {
    "criteria": {
      "in_water": "2026-01-04 00:43:44 +0000"
    },
    "done": true
  },
  "regions_unexplored:recipes/transportation/larch_boat": {
    "criteria": {
      "in_water": "2026-01-04 00:43:44 +0000"
    },
    "done": true
  },
  "regions_unexplored:recipes/transportation/blackwood_boat": {
    "criteria": {
      "in_water": "2026-01-04 00:43:44 +0000"
    },
    "done": true
  },
  "regions_unexplored:recipes/transportation/eucalyptus_boat": {
    "criteria": {
      "in_water": "2026-01-04 00:43:44 +0000"
    },
    "done": true
  },
  "regions_unexplored:recipes/transportation/palm_boat": {
    "criteria": {
      "in_water": "2026-01-04 00:43:44 +0000"
    },
    "done": true
  },
  "regions_unexplored:recipes/transportation/oak_boat": {
    "criteria": {
      "in_water": "2026-01-04 00:43:44 +0000"
    },
    "done": true
  },
  "minecraft:recipes/transportation/birch_boat": {
    "criteria": {
      "in_water": "2026-01-04 00:43:44 +0000"
    },
    "done": true
  },
  "minecraft:recipes/transportation/oak_boat": {
    "criteria": {
      "in_water": "2026-01-04 00:43:44 +0000"
    },
    "done": true
  },
  "regions_unexplored:recipes/transportation/mauve_boat": {
    "criteria": {
      "in_water": "2026-01-04 00:43:44 +0000"
    },
    "done": true
  },
  "regions_unexplored:recipes/transportation/redwood_boat": {
    "criteria": {
      "in_water": "2026-01-04 00:43:44 +0000"
    },
    "done": true
  },
  "endergetic:recipes/transportation/poise_boat": {
    "criteria": {
      "in_water": "2026-01-04 00:43:44 +0000"
    },
    "done": true
  },
  "regions_unexplored:recipes/transportation/willow_boat": {
    "criteria": {
      "in_water": "2026-01-04 00:43:44 +0000"
    },
    "done": true
  },
  "minecraft:recipes/decorations/oak_hanging_sign": {
    "criteria": {
      "has_stripped_logs": "2026-01-04 00:43:53 +0000"
    },
    "done": true
  },
  "minecraft:recipes/building_blocks/oak_planks": {
    "criteria": {
      "has_logs": "2026-01-04 00:43:53 +0000"
    },
    "done": true
  },
  "minecraft:recipes/building_blocks/stripped_oak_wood": {
    "criteria": {
      "has_log": "2026-01-04 00:43:53 +0000"
    },
    "done": true
  },
  "minecraft:recipes/misc/charcoal": {
    "criteria": {
      "has_log": "2026-01-04 00:43:53 +0000"
    },
    "done": true
  },
  "securitycraft:recipes/misc/sc_manual": {
    "criteria": {
      "has_wood": "2026-01-04 00:43:53 +0000"
    },
    "done": true
  },
  "minecraft:recipes/woodcutting/oak/oak_planks_from_stripped_oak_log_woodcutting": {
    "criteria": {
      "give_recipe": "2026-01-04 00:43:53 +0000"
    },
    "done": true
  },
  "securitycraft:recipes/building_blocks/reinforced_polished_diorite_slab_from_reinforced_polished_diorite_stonecutting": {
    "criteria": {
      "has_reinforced_polished_diorite": "2026-01-04 00:44:25 +0000"
    },
    "done": true
  },
  "securitycraft:recipes/building_blocks/reinforced_polished_diorite_slab": {
    "criteria": {
      "has_block": "2026-01-04 00:44:25 +0000"
    },
    "done": true
  },
  "securitycraft:recipes/building_blocks/reinforced_polished_diorite_stairs_from_reinforced_polished_diorite_stonecutting": {
    "criteria": {
      "has_reinforced_polished_diorite": "2026-01-04 00:44:25 +0000"
    },
    "done": true
  },
  "securitycraft:recipes/building_blocks/reinforced_polished_diorite_stairs": {
    "criteria": {
      "has_block": "2026-01-04 00:44:25 +0000"
    },
    "done": true
  },
  "securitycraft:recipes/building_blocks/reinforced_light_gray_stained_glass": {
    "criteria": {
      "has_glass": "2026-01-05 03:21:31 +0000"
    },
    "done": true
  },
  "regions_unexplored:recipes/building_blocks/prismaglass": {
    "criteria": {
      "has_glass": "2026-01-05 03:21:31 +0000"
    },
    "done": true
  },
  "securitycraft:recipes/decorations/reinforced_glass_pane": {
    "criteria": {
      "has_glass": "2026-01-05 03:21:31 +0000"
    },
    "done": true
  },
  "securitycraft:recipes/decorations/reinforced_red_stained_glass_pane_from_dye": {
    "criteria": {
      "has_glass": "2026-01-05 03:21:31 +0000"
    },
    "done": true
  },
  "securitycraft:recipes/decorations/reinforced_pink_stained_glass_pane": {
    "criteria": {
      "has_glass": "2026-01-05 03:21:31 +0000"
    },
    "done": true
  },
  "securitycraft:recipes/decorations/reinforced_gray_stained_glass_pane_from_dye": {
    "criteria": {
      "has_glass": "2026-01-05 03:21:31 +0000"
    },
    "done": true
  },
  "securitycraft:recipes/decorations/reinforced_gray_stained_glass_pane": {
    "criteria": {
      "has_glass": "2026-01-05 03:21:31 +0000"
    },
    "done": true
  },
  "securitycraft:recipes/decorations/reinforced_orange_stained_glass_pane": {
    "criteria": {
      "has_glass": "2026-01-05 03:21:31 +0000"
    },
    "done": true
  },
  "securitycraft:recipes/decorations/reinforced_white_stained_glass_pane": {
    "criteria": {
      "has_glass": "2026-01-05 03:21:31 +0000"
    },
    "done": true
  },
  "securitycraft:recipes/building_blocks/reinforced_magenta_stained_glass": {
    "criteria": {
      "has_glass": "2026-01-05 03:21:31 +0000"
    },
    "done": true
  },
  "securitycraft:recipes/decorations/reinforced_cyan_stained_glass_pane_from_dye": {
    "criteria": {
      "has_glass": "2026-01-05 03:21:31 +0000"
    },
    "done": true
  },
  "securitycraft:recipes/decorations/reinforced_red_stained_glass_pane": {
    "criteria": {
      "has_glass": "2026-01-05 03:21:31 +0000"
    },
    "done": true
  },
  "securitycraft:recipes/building_blocks/reinforced_blue_stained_glass": {
    "criteria": {
      "has_glass": "2026-01-05 03:21:31 +0000"
    },
    "done": true
  },
  "securitycraft:recipes/decorations/reinforced_purple_stained_glass_pane": {
    "criteria": {
      "has_glass": "2026-01-05 03:21:31 +0000"
    },
    "done": true
  },
  "securitycraft:recipes/building_blocks/reinforced_purple_stained_glass": {
    "criteria": {
      "has_glass": "2026-01-05 03:21:31 +0000"
    },
    "done": true
  },
  "securitycraft:recipes/decorations/reinforced_lime_stained_glass_pane": {
    "criteria": {
      "has_glass": "2026-01-05 03:21:31 +0000"
    },
    "done": true
  },
  "securitycraft:recipes/decorations/reinforced_orange_stained_glass_pane_from_dye": {
    "criteria": {
      "has_glass": "2026-01-05 03:21:31 +0000"
    },
    "done": true
  },
  "securitycraft:recipes/building_blocks/reinforced_lime_stained_glass": {
    "criteria": {
      "has_glass": "2026-01-05 03:21:31 +0000"
    },
    "done": true
  },
  "securitycraft:recipes/building_blocks/reinforced_red_stained_glass": {
    "criteria": {
      "has_glass": "2026-01-05 03:21:31 +0000"
    },
    "done": true
  },
  "securitycraft:recipes/decorations/reinforced_white_stained_glass_pane_from_dye": {
    "criteria": {
      "has_glass": "2026-01-05 03:21:31 +0000"
    },
    "done": true
  },
  "securitycraft:recipes/decorations/reinforced_brown_stained_glass_pane_from_dye": {
    "criteria": {
      "has_glass": "2026-01-05 03:21:31 +0000"
    },
    "done": true
  },
  "securitycraft:recipes/decorations/reinforced_pink_stained_glass_pane_from_dye": {
    "criteria": {
      "has_glass": "2026-01-05 03:21:31 +0000"
    },
    "done": true
  },
  "securitycraft:recipes/building_blocks/reinforced_gray_stained_glass": {
    "criteria": {
      "has_glass": "2026-01-05 03:21:31 +0000"
    },
    "done": true
  },
  "securitycraft:recipes/decorations/reinforced_cyan_stained_glass_pane": {
    "criteria": {
      "has_glass": "2026-01-05 03:21:31 +0000"
    },
    "done": true
  },
  "securitycraft:recipes/building_blocks/reinforced_brown_stained_glass": {
    "criteria": {
      "has_glass": "2026-01-05 03:21:31 +0000"
    },
    "done": true
  },
  "securitycraft:recipes/building_blocks/reinforced_light_blue_stained_glass": {
    "criteria": {
      "has_glass": "2026-01-05 03:21:31 +0000"
    },
    "done": true
  },
  "securitycraft:recipes/decorations/reinforced_blue_stained_glass_pane": {
    "criteria": {
      "has_glass": "2026-01-05 03:21:31 +0000"
    },
    "done": true
  },
  "securitycraft:recipes/building_blocks/reinforced_pink_stained_glass": {
    "criteria": {
      "has_glass": "2026-01-05 03:21:31 +0000"
    },
    "done": true
  },
  "securitycraft:recipes/decorations/reinforced_blue_stained_glass_pane_from_dye": {
    "criteria": {
      "has_glass": "2026-01-05 03:21:31 +0000"
    },
    "done": true
  },
  "securitycraft:recipes/building_blocks/reinforced_orange_stained_glass": {
    "criteria": {
      "has_glass": "2026-01-05 03:21:31 +0000"
    },
    "done": true
  },
  "securitycraft:recipes/building_blocks/reinforced_black_stained_glass": {
    "criteria": {
      "has_glass": "2026-01-05 03:21:31 +0000"
    },
    "done": true
  },
  "securitycraft:recipes/decorations/reinforced_green_stained_glass_pane_from_dye": {
    "criteria": {
      "has_glass": "2026-01-05 03:21:31 +0000"
    },
    "done": true
  },
  "securitycraft:recipes/decorations/reinforced_magenta_stained_glass_pane": {
    "criteria": {
      "has_glass": "2026-01-05 03:21:31 +0000"
    },
    "done": true
  },
  "securitycraft:recipes/building_blocks/reinforced_cyan_stained_glass": {
    "criteria": {
      "has_glass": "2026-01-05 03:21:31 +0000"
    },
    "done": true
  },
  "securitycraft:recipes/building_blocks/reinforced_white_stained_glass": {
    "criteria": {
      "has_glass": "2026-01-05 03:21:31 +0000"
    },
    "done": true
  },
  "securitycraft:recipes/decorations/reinforced_lime_stained_glass_pane_from_dye": {
    "criteria": {
      "has_glass": "2026-01-05 03:21:31 +0000"
    },
    "done": true
  },
  "securitycraft:recipes/decorations/reinforced_light_blue_stained_glass_pane": {
    "criteria": {
      "has_glass": "2026-01-05 03:21:31 +0000"
    },
    "done": true
  },
  "securitycraft:recipes/building_blocks/reinforced_green_stained_glass": {
    "criteria": {
      "has_glass": "2026-01-05 03:21:31 +0000"
    },
    "done": true
  },
  "securitycraft:recipes/building_blocks/reinforced_yellow_stained_glass": {
    "criteria": {
      "has_glass": "2026-01-05 03:21:31 +0000"
    },
    "done": true
  },
  "securitycraft:recipes/decorations/reinforced_light_gray_stained_glass_pane": {
    "criteria": {
      "has_glass": "2026-01-05 03:21:31 +0000"
    },
    "done": true
  },
  "securitycraft:recipes/decorations/reinforced_green_stained_glass_pane": {
    "criteria": {
      "has_glass": "2026-01-05 03:21:31 +0000"
    },
    "done": true
  },
  "securitycraft:recipes/decorations/reinforced_yellow_stained_glass_pane_from_dye": {
    "criteria": {
      "has_glass": "2026-01-05 03:21:31 +0000"
    },
    "done": true
  },
  "securitycraft:recipes/decorations/reinforced_magenta_stained_glass_pane_from_dye": {
    "criteria": {
      "has_glass": "2026-01-05 03:21:31 +0000"
    },
    "done": true
  },
  "securitycraft:recipes/decorations/reinforced_light_gray_stained_glass_pane_from_dye": {
    "criteria": {
      "has_glass": "2026-01-05 03:21:31 +0000"
    },
    "done": true
  },
  "securitycraft:recipes/decorations/reinforced_yellow_stained_glass_pane": {
    "criteria": {
      "has_glass": "2026-01-05 03:21:31 +0000"
    },
    "done": true
  },
  "securitycraft:recipes/decorations/reinforced_light_blue_stained_glass_pane_from_dye": {
    "criteria": {
      "has_glass": "2026-01-05 03:21:31 +0000"
    },
    "done": true
  },
  "securitycraft:recipes/decorations/reinforced_black_stained_glass_pane": {
    "criteria": {
      "has_glass": "2026-01-05 03:21:31 +0000"
    },
    "done": true
  },
  "securitycraft:recipes/decorations/reinforced_black_stained_glass_pane_from_dye": {
    "criteria": {
      "has_glass": "2026-01-05 03:21:31 +0000"
    },
    "done": true
  },
  "securitycraft:recipes/decorations/reinforced_brown_stained_glass_pane": {
    "criteria": {
      "has_glass": "2026-01-05 03:21:31 +0000"
    },
    "done": true
  },
  "securitycraft:recipes/decorations/reinforced_purple_stained_glass_pane_from_dye": {
    "criteria": {
      "has_glass": "2026-01-05 03:21:31 +0000"
    },
    "done": true
  },
  "securitycraft:recipes/transportation/bamboo_security_sea_raft": {
    "criteria": {
      "has_keypad_chest": "2026-01-05 03:22:10 +0000"
    },
    "done": true
  },
  "securitycraft:recipes/transportation/cherry_security_sea_boat": {
    "criteria": {
      "has_keypad_chest": "2026-01-05 03:22:10 +0000"
    },
    "done": true
  },
  "securitycraft:recipes/transportation/dark_oak_security_sea_boat": {
    "criteria": {
      "has_keypad_chest": "2026-01-05 03:22:10 +0000"
    },
    "done": true
  },
  "securitycraft:recipes/transportation/acacia_security_sea_boat": {
    "criteria": {
      "has_keypad_chest": "2026-01-05 03:22:10 +0000"
    },
    "done": true
  },
  "securitycraft:recipes/transportation/birch_security_sea_boat": {
    "criteria": {
      "has_keypad_chest": "2026-01-05 03:22:10 +0000"
    },
    "done": true
  },
  "securitycraft:recipes/transportation/mangrove_security_sea_boat": {
    "criteria": {
      "has_keypad_chest": "2026-01-05 03:22:10 +0000"
    },
    "done": true
  },
  "securitycraft:recipes/transportation/jungle_security_sea_boat": {
    "criteria": {
      "has_keypad_chest": "2026-01-05 03:22:10 +0000"
    },
    "done": true
  },
  "securitycraft:recipes/transportation/spruce_security_sea_boat": {
    "criteria": {
      "has_keypad_chest": "2026-01-05 03:22:10 +0000"
    },
    "done": true
  },
  "securitycraft:recipes/transportation/oak_security_sea_boat": {
    "criteria": {
      "has_keypad_chest": "2026-01-05 03:22:10 +0000"
    },
    "done": true
  },
  "securitycraft:recipes/building_blocks/reinforced_packed_ice": {
    "criteria": {
      "has_block": "2026-01-05 03:23:51 +0000"
    },
    "done": true
  },
  "minecraft:recipes/decorations/chest": {
    "criteria": {
      "has_lots_of_items": "2026-01-05 03:25:24 +0000"
    },
    "done": true
  },
  "aether:recipes/decorations/skyroot_chest": {
    "criteria": {
      "has_lots_of_items": "2026-01-05 03:25:24 +0000"
    },
    "done": true
  },
  "palladium:recipes/decorations/tailoring_bench": {
    "criteria": {
      "unlock_right_away": "2026-01-06 04:07:32 +0000"
    },
    "done": true
  },
  "securitycraft:recipes/redstone/reinforced_birch_pressure_plate": {
    "criteria": {
      "has_block": "2026-01-07 18:29:47 +0000"
    },
    "done": true
  },
  "securitycraft:recipes/building_blocks/reinforced_birch_stairs": {
    "criteria": {
      "has_block": "2026-01-07 18:29:47 +0000"
    },
    "done": true
  },
  "securitycraft:recipes/building_blocks/reinforced_birch_slab": {
    "criteria": {
      "has_block": "2026-01-07 18:29:47 +0000"
    },
    "done": true
  },
  "securitycraft:recipes/redstone/reinforced_birch_button": {
    "criteria": {
      "has_block": "2026-01-07 18:29:47 +0000"
    },
    "done": true
  },
  "aether:recipes/tools/cold_parachute": {
    "criteria": {
      "has_cold_aercloud": "2026-01-07 18:32:42 +0000"
    },
    "done": true
  },
  "aether:recipes/building_blocks/blue_aercloud_freezing": {
    "criteria": {
      "has_cold_aercloud": "2026-01-07 18:32:42 +0000"
    },
    "done": true
  },
  "aether:recipes/building_blocks/golden_aercloud_enchanting": {
    "criteria": {
      "has_cold_aercloud": "2026-01-07 18:32:42 +0000"
    },
    "done": true
  },
  "securitycraft:recipes/decorations/secret_birch_sign_item": {
    "criteria": {
      "has_sign": "2026-01-07 18:34:15 +0000"
    },
    "done": true
  },
  "securitycraft:recipes/decorations/secret_crimson_hanging_sign": {
    "criteria": {
      "has_sign": "2026-01-07 18:34:15 +0000"
    },
    "done": true
  },
  "securitycraft:recipes/decorations/secret_dark_oak_sign_item": {
    "criteria": {
      "has_sign": "2026-01-07 18:34:15 +0000"
    },
    "done": true
  },
  "securitycraft:recipes/decorations/secret_mangrove_sign_item": {
    "criteria": {
      "has_sign": "2026-01-07 18:34:15 +0000"
    },
    "done": true
  },
  "securitycraft:recipes/decorations/secret_jungle_hanging_sign": {
    "criteria": {
      "has_sign": "2026-01-07 18:34:15 +0000"
    },
    "done": true
  },
  "securitycraft:recipes/decorations/secret_acacia_hanging_sign": {
    "criteria": {
      "has_sign": "2026-01-07 18:34:15 +0000"
    },
    "done": true
  },
  "securitycraft:recipes/decorations/secret_crimson_sign_item": {
    "criteria": {
      "has_sign": "2026-01-07 18:34:15 +0000"
    },
    "done": true
  },
  "securitycraft:recipes/decorations/secret_oak_hanging_sign": {
    "criteria": {
      "has_sign": "2026-01-07 18:34:15 +0000"
    },
    "done": true
  },
  "securitycraft:recipes/decorations/secret_spruce_hanging_sign": {
    "criteria": {
      "has_sign": "2026-01-07 18:34:15 +0000"
    },
    "done": true
  },
  "securitycraft:recipes/decorations/secret_warped_sign_item": {
    "criteria": {
      "has_sign": "2026-01-07 18:34:15 +0000"
    },
    "done": true
  },
  "securitycraft:recipes/decorations/secret_sign_item": {
    "criteria": {
      "has_sign": "2026-01-07 18:34:15 +0000"
    },
    "done": true
  },
  "securitycraft:recipes/decorations/secret_spruce_sign_item": {
    "criteria": {
      "has_sign": "2026-01-07 18:34:15 +0000"
    },
    "done": true
  },
  "securitycraft:recipes/decorations/secret_cherry_sign_item": {
    "criteria": {
      "has_sign": "2026-01-07 18:34:15 +0000"
    },
    "done": true
  },
  "securitycraft:recipes/decorations/secret_dark_oak_hanging_sign": {
    "criteria": {
      "has_sign": "2026-01-07 18:34:15 +0000"
    },
    "done": true
  },
  "securitycraft:recipes/decorations/secret_jungle_sign_item": {
    "criteria": {
      "has_sign": "2026-01-07 18:34:15 +0000"
    },
    "done": true
  },
  "securitycraft:recipes/decorations/secret_birch_hanging_sign": {
    "criteria": {
      "has_sign": "2026-01-07 18:34:15 +0000"
    },
    "done": true
  },
  "securitycraft:recipes/decorations/secret_mangrove_hanging_sign": {
    "criteria": {
      "has_sign": "2026-01-07 18:34:15 +0000"
    },
    "done": true
  },
  "securitycraft:recipes/decorations/secret_bamboo_hanging_sign": {
    "criteria": {
      "has_sign": "2026-01-07 18:34:15 +0000"
    },
    "done": true
  },
  "securitycraft:recipes/decorations/secret_bamboo_sign_item": {
    "criteria": {
      "has_sign": "2026-01-07 18:34:15 +0000"
    },
    "done": true
  },
  "securitycraft:recipes/decorations/secret_cherry_hanging_sign": {
    "criteria": {
      "has_sign": "2026-01-07 18:34:15 +0000"
    },
    "done": true
  },
  "securitycraft:recipes/decorations/secret_warped_hanging_sign": {
    "criteria": {
      "has_sign": "2026-01-07 18:34:15 +0000"
    },
    "done": true
  },
  "securitycraft:recipes/decorations/secret_acacia_sign_item": {
    "criteria": {
      "has_sign": "2026-01-07 18:34:15 +0000"
    },
    "done": true
  },
  "nova_structures:root": {
    "criteria": {
      "nova_structures:adventure/find_illager_manor": "2026-01-09 19:29:05 +0000"
    },
    "done": true
  },
  "regions_unexplored:regions_explored": {
    "criteria": {
      "blackwood_taiga": "2026-01-09 19:33:51 +0000",
      "old_growth_bayou": "2026-01-09 19:25:17 +0000"
    },
    "done": false
  },
  "regions_unexplored:pioneer": {
    "criteria": {
      "blackwood_taiga": "2026-01-09 19:33:51 +0000",
      "old_growth_bayou": "2026-01-09 19:25:17 +0000"
    },
    "done": false
  },
  "nova_structures:adventure/find_illager_manor": {
    "criteria": {
      "nova_structures:illager_manor": "2026-01-09 19:29:05 +0000"
    },
    "done": true
  },
  "vinery:main/fruits_of_the_field": {
    "criteria": {
      "fruits_of_the_field": "2026-01-09 19:29:01 +0000"
    },
    "done": true
  },
  "nova_structures:adventure/find_all_illager_structures": {
    "criteria": {
      "illager_manor": "2026-01-09 19:29:05 +0000"
    },
    "done": false
  },
  "DataVersion": 3465
}