{
  "takesapillage:root": {
    "criteria": {
      "always": "2025-08-12 21:18:05 +0000"
    },
    "done": true
  },
  "warleryshq:nicestart_1": {
    "criteria": {
      "nicestart_1_0": "2025-08-12 21:18:05 +0000"
    },
    "done": true
  },
  "butcher:firstjoinadvancement": {
    "criteria": {
      "firstjoinadvancement_0": "2025-08-12 21:18:05 +0000"
    },
    "done": true
  },
  "butcher:firstjoinmessage": {
    "criteria": {
      "firstjoinmessage_0": "2025-08-12 21:18:05 +0000"
    },
    "done": true
  },
  "minecraft:recipes/decorations/crafting_table": {
    "criteria": {
      "unlock_right_away": "2025-08-12 21:18:05 +0000"
    },
    "done": true
  },
  "mekanism:root": {
    "criteria": {
      "automatic": "2025-08-12 21:18:05 +0000"
    },
    "done": true
  },
  "incendium:technical/new_player": {
    "criteria": {
      "requirement": "2025-08-12 21:18:05 +0000"
    },
    "done": true
  },
  "iceandfire:iceandfire/root": {
    "criteria": {
      "tick": "2025-08-12 21:18:05 +0000"
    },
    "done": true
  },
  "brewinandchewin:main/root": {
    "criteria": {
      "beer": "2025-08-12 21:18:05 +0000"
    },
    "done": true
  },
  "incendium:technical/using/shield": {
    "criteria": {
      "log_spam_fixer": "2025-08-12 21:18:05 +0000"
    },
    "done": false
  },
  "born_in_chaos_v1:bornin_chaos": {
    "criteria": {
      "bornin_chaos_0": "2025-08-12 21:18:05 +0000"
    },
    "done": true
  },
  "tombstone:adventure/root": {
    "criteria": {
      "auto": "2025-08-12 21:18:05 +0000"
    },
    "done": true
  },
  "cataclysm:root": {
    "criteria": {
      "custom_test_name": "2025-08-12 21:18:05 +0000"
    },
    "done": true
  },
  "incendium:technical/scroll_of_returning": {
    "criteria": {
      "log_spam_fixer": "2025-08-12 21:18:05 +0000"
    },
    "done": false
  },
  "incendium:technical/using/ragnarok": {
    "criteria": {
      "log_spam_fixer": "2025-08-12 21:18:05 +0000"
    },
    "done": false
  },
  "farmersdelight:main/root": {
    "criteria": {
      "seeds": "2025-08-12 21:18:05 +0000"
    },
    "done": true
  },
  "incendium:technical/using/trailblazer": {
    "criteria": {
      "log_spam_fixer": "2025-08-12 21:18:05 +0000"
    },
    "done": false
  },
  "minecraft:adventure/adventuring_time": {
    "criteria": {
      "minecraft:stony_shore": "2025-08-12 21:18:05 +0000"
    },
    "done": false
  },
  "warleryshq:turretgearadv": {
    "criteria": {
      "turretgearadv_0": "2025-08-12 21:44:10 +0000"
    },
    "done": true
  },
  "warleryshq:machinefirst_1": {
    "criteria": {
      "machinefirst_1_0": "2025-08-12 21:44:21 +0000"
    },
    "done": true
  },
  "warleryshq:worldtour": {
    "criteria": {
      "worldtour_0": "2025-08-12 21:44:11 +0000"
    },
    "done": false
  },
  "minecraft:husbandry/tame_an_animal": {
    "criteria": {
      "tamed_animal": "2025-08-12 21:44:33 +0000"
    },
    "done": true
  },
  "warleryshq:pikloalot": {
    "criteria": {
      "pikloalot_0": "2025-08-12 21:44:10 +0000",
      "pikloalot_1": "2025-08-12 21:44:11 +0000"
    },
    "done": false
  },
  "warleryshq:abandoned_turret_crates_goal": {
    "criteria": {
      "abandoned_turret_crates_goal_1": "2025-08-12 21:44:10 +0000"
    },
    "done": false
  },
  "alexsmobs:alexsmobs/root": {
    "criteria": {
      "useitem": "2025-08-12 21:44:00 +0000"
    },
    "done": true
  },
  "minecraft:husbandry/root": {
    "criteria": {
      "consumed_item": "2025-08-12 21:44:00 +0000"
    },
    "done": true
  },
  "DataVersion": 3465
}